{"stats":{"minecraft:custom":{"minecraft:mob_kills":141,"minecraft:interact_with_crafting_table":74,"minecraft:open_barrel":13,"minecraft:bell_ring":4,"minecraft:leave_game":5,"minecraft:time_since_death":10607,"minecraft:climb_one_cm":7890,"minecraft:sprint_one_cm":678147,"minecraft:damage_blocked_by_shield":1502,"minecraft:walk_one_cm":1173609,"minecraft:drop":94,"minecraft:deaths":28,"minecraft:sneak_time":3940,"minecraft:walk_under_water_one_cm":121576,"minecraft:boat_one_cm":45706,"minecraft:jump":3535,"minecraft:walk_on_water_one_cm":99207,"minecraft:interact_with_furnace":161,"minecraft:play_one_minute":296322,"minecraft:raid_trigger":1,"minecraft:sleep_in_bed":2,"minecraft:time_since_rest":10635,"minecraft:damage_taken":13141,"minecraft:trigger_trapped_chest":3,"minecraft:damage_dealt":27584,"minecraft:swim_one_cm":198365,"minecraft:fly_one_cm":495032,"minecraft:crouch_one_cm":11894,"minecraft:open_chest":136,"minecraft:interact_with_smithing_table":1,"minecraft:fall_one_cm":85727,"minecraft:interact_with_smoker":11},"minecraft:crafted":{"minecraft:oak_door":6,"minecraft:oak_planks":52,"minecraft:furnace":4,"extraweapons:iron_longsword":1,"minecraft:cooked_mutton":19,"minecraft:flint_and_steel":1,"minecraft:glass":24,"travelersbackpack:white_sleeping_bag":2,"minecraft:iron_boots":2,"minecraft:iron_axe":2,"minecraft:stone_pickaxe":2,"upgrade_aquatic:driftwood_boat":1,"minecraft:chest":3,"swiaf:witherbone_handle":1,"minecraft:dark_oak_planks":16,"upgrade_aquatic:driftwood_planks":12,"minecraft:smoker":3,"minecraft:cooked_beef":13,"swiaf:longbow_dragonbone":1,"minecraft:cooked_porkchop":3,"minecraft:crafting_table":4,"travelersbackpack:backpack_tank":4,"minecraft:wooden_pickaxe":2,"minecraft:iron_helmet":3,"travelersbackpack:standard":2,"iceandfire:tide_trident":1,"minecraft:bucket":2,"minecraft:birch_planks":96,"minecraft:stone_axe":2,"minecraft:air":0,"extraweapons:diamond_saber":1,"minecraft:iron_chestplate":3,"minecraft:shield":5,"minecraft:stick":24,"minecraft:iron_ingot":144,"minecraft:iron_pickaxe":2,"minecraft:wooden_axe":1,"minecraft:iron_leggings":3,"minecraft:white_bed":1,"minecraft:acacia_planks":32,"extraweapons:handle":4},"minecraft:killed_by":{"minecraft:wither_skeleton":3,"minecraft:stray":2,"minecraft:pillager":1,"iceandfire:sea_serpent":11,"minecraft:skeleton":7,"minecraft:zombie":3},"minecraft:picked_up":{"minecraft:wooden_axe":9,"iceandfire:dragon_skull_lightning":1,"minecraft:iron_chestplate":10,"minecraft:crafting_table":16,"minecraft:azure_bluet":15,"minecraft:chainmail_boots":3,"iceandfire:witherbone":4,"minecraft:flower_pot":1,"minecraft:wooden_pickaxe":5,"minecraft:enchanted_book":3,"minecraft:potion":1,"enigmaticlegacy:tattered_tome":2,"minecraft:brewing_stand":1,"minecraft:shield":5,"minecraft:string":17,"minecraft:iron_axe":4,"minecraft:iron_leggings":14,"iceandfire:amythest_gem":2,"minecraft:cracked_stone_bricks":3,"minecraft:beef":13,"minecraft:iron_pickaxe":8,"minecraft:minecart":1,"minecraft:chest":2,"minecraft:birch_sapling":9,"minecraft:egg":6,"minecraft:iron_boots":12,"minecraft:furnace":33,"minecraft:tipped_arrow":3,"minecraft:dark_oak_sapling":11,"minecraft:stick":17,"iceandfire:dragonbone":27,"extraweapons:diamond_saber":1,"minecraft:oak_fence":1,"minecraft:torch":3,"minecraft:acacia_log":12,"minecraft:porkchop":3,"minecraft:diorite":1,"extraweapons:stonemultitool":1,"botania:black_lotus":2,"minecraft:zombie_spawn_egg":1,"minecraft:tnt":1,"upgrade_aquatic:driftwood_boat":1,"minecraft:arrow":21,"minecraft:rotten_flesh":24,"minecraft:tropical_fish":6,"minecraft:nether_bricks":3,"upgrade_aquatic:driftwood_log":16,"artifacts:cross_necklace":2,"minecraft:gold_ingot":28,"minecraft:mutton":21,"minecraft:iron_bars":33,"minecraft:cobblestone":287,"minecraft:white_wool":22,"minecraft:birch_log":30,"minecraft:cooked_beef":10,"iceandfire:sea_serpent_fang":13,"minecraft:iron_door":1,"minecraft:water_bucket":6,"minecraft:andesite":6,"minecraft:orange_carpet":1,"minecraft:leather":16,"minecraft:golden_leggings":3,"minecraft:smoker":4,"minecraft:birch_planks":6,"minecraft:flint":1,"minecraft:lily_pad":1,"minecraft:oak_log":66,"minecraft:chainmail_chestplate":4,"evilcraft:flesh_humanoid":8,"artifacts:cloud_in_a_bottle":1,"minecraft:nether_wart_block":1,"minecraft:gunpowder":3,"scalinghealth:heart_crystal":4,"minecraft:dirt":119,"minecraft:white_banner":1,"minecraft:cooked_mutton":3,"travelersbackpack:backpack_tank":2,"extraweapons:iron_longsword":12,"minecraft:bone":51,"minecraft:acacia_planks":2,"minecraft:stone_bricks":2,"croptopia:roe":7,"iceandfire:sea_serpent_scales_deepblue":15,"minecraft:bow":1,"minecraft:wheat_seeds":30,"minecraft:silverfish_spawn_egg":3,"minecraft:iron_ingot":50,"minecraft:iron_ore":206,"artifacts:kitty_slippers":1,"relics:infinity_ham":1,"minecraft:mossy_stone_bricks":6,"minecraft:glass_bottle":3,"minecraft:oak_planks":7,"minecraft:iron_sword":1,"minecraft:acacia_sapling":2,"firstaid:plaster":3,"artifacts:obsidian_skull":5,"scalinghealth:heart_crystal_shard":7,"minecraft:cooked_porkchop":24,"minecraft:chiseled_stone_bricks":2,"iceandfire:sea_serpent_scales_green":9,"enigmaticlegacy:iron_ring":4,"minecraft:gravel":19,"enigmaticlegacy:enigmatic_amulet":1,"minecraft:sand":28,"minecraft:nether_brick_stairs":1,"minecraft:gold_ore":23,"minecraft:acacia_stairs":4,"minecraft:spider_eye":6,"minecraft:dark_oak_log":300,"minecraft:mossy_cobblestone":1,"enigmaticlegacy:lore_inscriber":1,"artifacts:plastic_drinking_hat":1,"travelersbackpack:standard":1,"minecraft:skeleton_spawn_egg":1,"minecraft:tropical_fish_spawn_egg":1,"enigmaticlegacy:cursed_ring":4,"minecraft:diamond":23,"minecraft:crossbow":2,"evilcraft:dark_gem":77,"minecraft:chainmail_leggings":1,"minecraft:iron_helmet":9,"minecraft:bone_meal":1,"minecraft:golden_apple":2,"minecraft:emerald":3,"iceandfire:tide_trident":1,"minecraft:coal":534,"minecraft:black_wool":1,"minecraft:ender_pearl":16},"minecraft:mined":{"minecraft:diamond_ore":12,"minecraft:mossy_cobblestone":1,"minecraft:dark_oak_leaves":3,"minecraft:dark_oak_log":301,"minecraft:brewing_stand":1,"minecraft:acacia_log":11,"minecraft:grass_block":10,"minecraft:horn_coral_wall_fan":1,"minecraft:spawner":32,"environmental:giant_tall_grass":3,"compactores:compactore__minecraft__coal_ore":10,"minecraft:furnace":11,"minecraft:mossy_cobblestone_stairs":1,"minecraft:iron_ore":158,"minecraft:fire":1,"minecraft:andesite":6,"evilcraft:dark_ore":17,"minecraft:azure_bluet":15,"compactores:compactore__minecraft__iron_ore":14,"minecraft:vine":4,"minecraft:iron_bars":24,"minecraft:stone":264,"scalinghealth:heart_crystal_ore":1,"minecraft:smoker":2,"minecraft:cornflower":1,"minecraft:crafting_table":18,"minecraft:emerald_ore":2,"minecraft:chest":2,"minecraft:tall_grass":18,"iceandfire:amythest_ore":2,"minecraft:cobblestone":11,"compactores:compactore__minecraft__gold_ore":3,"minecraft:oak_planks":3,"minecraft:iron_door":1,"minecraft:diorite":1,"minecraft:birch_planks":6,"minecraft:birch_log":30,"minecraft:birch_leaves":3,"minecraft:tnt":1,"minecraft:grass":236,"minecraft:coal_ore":85,"minecraft:oak_log":18,"minecraft:gravel":17,"minecraft:dirt":11,"minecraft:sand":28,"compactores:compactore__minecraft__diamond_ore":3,"minecraft:cracked_stone_bricks":1,"upgrade_aquatic:driftwood_log":16,"minecraft:stone_bricks":2,"minecraft:gold_ore":11,"minecraft:oak_leaves":1,"minecraft:mossy_stone_bricks":5},"minecraft:killed":{"minecraft:cave_spider":4,"minecraft:spider":8,"minecraft:horse":3,"minecraft:skeleton":16,"illagers_plus:enchanter":1,"artifacts:mimic":2,"minecraft:husk":2,"minecraft:pig":2,"minecraft:zombie_villager":2,"minecraft:creeper":3,"minecraft:sheep":13,"minecraft:pillager":5,"minecraft:zombie":42,"minecraft:stray":5,"minecraft:wither_skeleton":3,"iceandfire:sea_serpent":3,"minecraft:enderman":1,"minecraft:cow":8},"minecraft:broken":{"minecraft:iron_leggings":1,"minecraft:stone_pickaxe":2,"minecraft:iron_axe":1,"minecraft:iron_pickaxe":1},"minecraft:used":{"iceandfire:tide_trident":5,"minecraft:chest":2,"minecraft:shield":40,"minecraft:iron_sword":100,"minecraft:zombie_spawn_egg":1,"extraweapons:iron_longsword":240,"minecraft:oak_door":2,"minecraft:dirt":7,"scalinghealth:heart_crystal":8,"upgrade_aquatic:driftwood_boat":1,"enigmaticlegacy:common_potion":1,"minecraft:wooden_axe":18,"minecraft:iron_axe":405,"minecraft:furnace":13,"minecraft:egg":1,"minecraft:cooked_beef":4,"minecraft:acacia_planks":4,"minecraft:cooked_mutton":7,"minecraft:water_bucket":29,"minecraft:mossy_stone_bricks":8,"minecraft:diorite":1,"minecraft:birch_planks":86,"minecraft:glass_bottle":1,"minecraft:stone_pickaxe":261,"minecraft:wooden_pickaxe":45,"extraweapons:diamond_saber":124,"minecraft:smoker":3,"minecraft:crafting_table":19,"scalinghealth:cursed_heart":1,"minecraft:flower_pot":1,"minecraft:diamond_pickaxe":8,"minecraft:iron_pickaxe":376,"minecraft:stone_axe":26,"minecraft:gravel":6,"minecraft:cobblestone":153,"minecraft:potion":4,"travelersbackpack:standard":20,"minecraft:bucket":32,"minecraft:pumpkin_pie":2},"minecraft:dropped":{"minecraft:water_bucket":1,"minecraft:enchanted_book":3,"minecraft:iron_sword":1,"environmental:thief_hood":1,"minecraft:wheat_seeds":8,"minecraft:mossy_cobblestone":1,"minecraft:glass_bottle":3,"minecraft:minecart":1,"minecraft:dark_oak_sapling":1,"minecraft:iron_helmet":3,"minecraft:cobblestone":8,"enigmaticlegacy:golem_heart":1,"minecraft:stick":1,"minecraft:dirt":3,"minecraft:torch":17,"minecraft:wooden_axe":9,"minecraft:nether_wart_block":1,"minecraft:lily_pad":1,"minecraft:white_wool":1,"minecraft:acacia_planks":4,"minecraft:oak_door":4,"minecraft:gravel":12,"artifacts:kitty_slippers":1,"minecraft:birch_sapling":9,"minecraft:rotten_flesh":12,"enigmaticlegacy:tattered_tome":2,"enigmaticlegacy:iron_ring":1,"minecraft:skeleton_spawn_egg":1,"minecraft:nether_bricks":3,"evilcraft:flesh_humanoid":2,"minecraft:chainmail_chestplate":1,"enigmaticlegacy:cursed_ring":5,"minecraft:chiseled_stone_bricks":2,"minecraft:tipped_arrow":3,"minecraft:gunpowder":1,"minecraft:iron_chestplate":1,"minecraft:andesite":6,"minecraft:mossy_stone_bricks":3,"minecraft:golden_leggings":1,"minecraft:acacia_sapling":2,"minecraft:chainmail_boots":1,"minecraft:spider_eye":1,"minecraft:stone_bricks":2,"minecraft:iron_bars":10,"minecraft:wooden_pickaxe":5,"firstaid:plaster":1,"iceandfire:sea_serpent_fang":1,"enigmaticlegacy:enigmatic_amulet":1,"iceandfire:dragon_skull_lightning":1,"minecraft:black_wool":1,"extraweapons:iron_longsword":1,"minecraft:egg":4,"minecraft:nether_brick_stairs":1}},"DataVersion":2586}