{"stats":{"minecraft:killed_by":{"minecraft:stray":2,"minecraft:skeleton":1,"minecraft:zombie":1},"minecraft:picked_up":{"minecraft:wooden_axe":9,"iceandfire:dragon_skull_lightning":1,"minecraft:iron_chestplate":1,"minecraft:crafting_table":11,"iceandfire:witherbone":1,"minecraft:flower_pot":1,"minecraft:wooden_pickaxe":5,"minecraft:enchanted_book":3,"enigmaticlegacy:tattered_tome":2,"minecraft:string":8,"minecraft:iron_axe":2,"iceandfire:amythest_gem":2,"minecraft:beef":7,"minecraft:iron_pickaxe":1,"minecraft:minecart":1,"minecraft:chest":2,"minecraft:birch_sapling":9,"minecraft:furnace":6,"minecraft:egg":5,"minecraft:tipped_arrow":1,"minecraft:dark_oak_sapling":1,"minecraft:stick":3,"iceandfire:dragonbone":27,"extraweapons:diamond_saber":1,"minecraft:acacia_log":12,"minecraft:porkchop":3,"minecraft:diorite":1,"botania:black_lotus":2,"minecraft:tnt":1,"minecraft:arrow":14,"minecraft:rotten_flesh":5,"minecraft:nether_bricks":3,"minecraft:mutton":15,"minecraft:iron_bars":16,"minecraft:white_wool":9,"minecraft:cobblestone":227,"minecraft:birch_log":30,"minecraft:andesite":6,"minecraft:orange_carpet":1,"minecraft:leather":6,"minecraft:smoker":2,"minecraft:birch_planks":6,"minecraft:flint":1,"minecraft:oak_log":13,"artifacts:cloud_in_a_bottle":1,"minecraft:nether_wart_block":1,"minecraft:gunpowder":1,"scalinghealth:heart_crystal":1,"minecraft:dirt":23,"minecraft:bone":13,"travelersbackpack:backpack_tank":2,"minecraft:acacia_planks":2,"minecraft:bow":1,"minecraft:wheat_seeds":5,"minecraft:iron_ore":177,"minecraft:mossy_stone_bricks":2,"minecraft:acacia_sapling":2,"minecraft:iron_sword":1,"scalinghealth:heart_crystal_shard":1,"enigmaticlegacy:iron_ring":1,"minecraft:gravel":18,"enigmaticlegacy:enigmatic_amulet":1,"minecraft:sand":12,"minecraft:nether_brick_stairs":1,"minecraft:acacia_stairs":4,"minecraft:gold_ore":11,"minecraft:spider_eye":2,"minecraft:mossy_cobblestone":1,"minecraft:skeleton_spawn_egg":1,"enigmaticlegacy:cursed_ring":4,"minecraft:diamond":7,"minecraft:chainmail_leggings":1,"evilcraft:dark_gem":27,"minecraft:iron_helmet":1,"minecraft:black_wool":1,"minecraft:coal":101},"minecraft:broken":{"minecraft:stone_pickaxe":2,"minecraft:iron_pickaxe":1},"minecraft:dropped":{"minecraft:nether_brick_stairs":1,"minecraft:enchanted_book":3,"minecraft:iron_sword":1,"environmental:thief_hood":1,"minecraft:wheat_seeds":5,"minecraft:mossy_cobblestone":1,"minecraft:glass_bottle":1,"minecraft:minecart":1,"minecraft:dark_oak_sapling":1,"minecraft:iron_helmet":1,"minecraft:cobblestone":8,"enigmaticlegacy:golem_heart":1,"minecraft:stick":1,"minecraft:dirt":3,"minecraft:torch":16,"minecraft:nether_wart_block":1,"minecraft:wooden_axe":9,"minecraft:white_wool":1,"minecraft:acacia_planks":4,"minecraft:gravel":12,"minecraft:birch_sapling":9,"minecraft:rotten_flesh":5,"enigmaticlegacy:tattered_tome":2,"enigmaticlegacy:iron_ring":1,"minecraft:skeleton_spawn_egg":1,"minecraft:nether_bricks":3,"enigmaticlegacy:cursed_ring":5,"minecraft:tipped_arrow":1,"minecraft:gunpowder":1,"minecraft:iron_chestplate":1,"minecraft:andesite":6,"minecraft:mossy_stone_bricks":2,"minecraft:acacia_sapling":2,"minecraft:iron_bars":10,"minecraft:wooden_pickaxe":5,"enigmaticlegacy:enigmatic_amulet":1,"iceandfire:dragon_skull_lightning":1,"minecraft:black_wool":1,"minecraft:egg":4},"minecraft:used":{"minecraft:shield":21,"minecraft:dirt":7,"scalinghealth:heart_crystal":4,"minecraft:wooden_axe":18,"minecraft:iron_axe":68,"minecraft:furnace":5,"minecraft:cooked_beef":2,"minecraft:acacia_planks":4,"minecraft:cooked_mutton":7,"minecraft:water_bucket":10,"minecraft:mossy_stone_bricks":8,"minecraft:diorite":1,"minecraft:birch_planks":86,"minecraft:glass_bottle":1,"minecraft:stone_pickaxe":261,"minecraft:wooden_pickaxe":45,"minecraft:crafting_table":12,"extraweapons:diamond_saber":124,"minecraft:smoker":2,"minecraft:flower_pot":1,"minecraft:diamond_pickaxe":8,"minecraft:iron_pickaxe":250,"minecraft:gravel":6,"minecraft:stone_axe":21,"minecraft:cobblestone":130,"minecraft:potion":3,"travelersbackpack:standard":14,"minecraft:bucket":11,"minecraft:pumpkin_pie":2},"minecraft:mined":{"minecraft:diamond_ore":2,"minecraft:mossy_cobblestone":1,"minecraft:dark_oak_leaves":1,"minecraft:acacia_log":11,"minecraft:grass_block":10,"minecraft:spawner":20,"compactores:compactore__minecraft__coal_ore":7,"minecraft:furnace":6,"minecraft:iron_ore":158,"minecraft:fire":1,"minecraft:andesite":6,"evilcraft:dark_ore":6,"compactores:compactore__minecraft__iron_ore":6,"minecraft:vine":2,"minecraft:iron_bars":17,"minecraft:stone":232,"scalinghealth:heart_crystal_ore":1,"minecraft:smoker":2,"minecraft:crafting_table":12,"minecraft:chest":2,"minecraft:tall_grass":5,"minecraft:cobblestone":5,"iceandfire:amythest_ore":2,"minecraft:diorite":1,"minecraft:birch_planks":6,"minecraft:birch_log":30,"minecraft:birch_leaves":3,"minecraft:grass":29,"minecraft:oak_log":13,"minecraft:coal_ore":72,"minecraft:gravel":17,"minecraft:sand":14,"minecraft:dirt":11,"compactores:compactore__minecraft__diamond_ore":1,"minecraft:mossy_stone_bricks":4,"minecraft:gold_ore":11,"minecraft:oak_leaves":1},"minecraft:custom":{"minecraft:mob_kills":53,"minecraft:interact_with_crafting_table":41,"minecraft:open_barrel":4,"minecraft:leave_game":5,"minecraft:time_since_death":23636,"minecraft:climb_one_cm":2458,"minecraft:sprint_one_cm":405141,"minecraft:damage_blocked_by_shield":886,"minecraft:walk_one_cm":565818,"minecraft:drop":65,"minecraft:deaths":5,"minecraft:sneak_time":3028,"minecraft:walk_under_water_one_cm":13332,"minecraft:jump":1945,"minecraft:walk_on_water_one_cm":35022,"minecraft:interact_with_furnace":115,"minecraft:play_one_minute":155086,"minecraft:sleep_in_bed":2,"minecraft:time_since_rest":17810,"minecraft:damage_taken":3709,"minecraft:damage_dealt":9718,"minecraft:swim_one_cm":7158,"minecraft:fly_one_cm":290313,"minecraft:open_chest":70,"minecraft:crouch_one_cm":10144,"minecraft:interact_with_smoker":11,"minecraft:fall_one_cm":53800,"minecraft:interact_with_smithing_table":1},"minecraft:crafted":{"minecraft:oak_planks":20,"minecraft:furnace":4,"minecraft:cooked_mutton":15,"minecraft:flint_and_steel":1,"minecraft:glass":12,"travelersbackpack:white_sleeping_bag":1,"minecraft:iron_boots":2,"minecraft:iron_axe":2,"minecraft:stone_pickaxe":2,"minecraft:smoker":2,"minecraft:cooked_beef":7,"minecraft:cooked_porkchop":3,"minecraft:crafting_table":2,"travelersbackpack:backpack_tank":2,"minecraft:iron_helmet":2,"minecraft:wooden_pickaxe":2,"travelersbackpack:standard":1,"minecraft:bucket":2,"minecraft:birch_planks":96,"minecraft:stone_axe":2,"minecraft:air":0,"extraweapons:diamond_saber":1,"minecraft:iron_chestplate":2,"minecraft:shield":4,"minecraft:stick":24,"minecraft:iron_ingot":115,"minecraft:iron_pickaxe":2,"minecraft:wooden_axe":1,"minecraft:iron_leggings":2,"minecraft:white_bed":1,"minecraft:acacia_planks":32,"extraweapons:handle":2},"minecraft:killed":{"minecraft:cave_spider":3,"minecraft:spider":3,"minecraft:horse":3,"minecraft:skeleton":7,"artifacts:mimic":1,"minecraft:husk":2,"minecraft:pig":2,"minecraft:sheep":10,"minecraft:zombie":11,"minecraft:stray":1,"minecraft:wither_skeleton":1,"minecraft:cow":4}},"DataVersion":2586}