{"stats":{"minecraft:killed":{"minecraft:cave_spider":4,"minecraft:spider":5,"minecraft:horse":3,"minecraft:skeleton":13,"artifacts:mimic":1,"minecraft:husk":2,"minecraft:pig":2,"minecraft:creeper":2,"minecraft:sheep":10,"minecraft:zombie":19,"minecraft:stray":4,"minecraft:wither_skeleton":1,"minecraft:enderman":1,"minecraft:cow":4},"minecraft:broken":{"minecraft:stone_pickaxe":2,"minecraft:iron_pickaxe":1},"minecraft:used":{"minecraft:shield":23,"minecraft:iron_sword":26,"extraweapons:iron_longsword":71,"minecraft:dirt":7,"scalinghealth:heart_crystal":4,"minecraft:wooden_axe":18,"minecraft:iron_axe":70,"minecraft:furnace":5,"minecraft:cooked_beef":2,"minecraft:acacia_planks":4,"minecraft:cooked_mutton":7,"minecraft:water_bucket":14,"minecraft:mossy_stone_bricks":8,"minecraft:diorite":1,"minecraft:birch_planks":86,"minecraft:glass_bottle":1,"minecraft:stone_pickaxe":261,"minecraft:wooden_pickaxe":45,"minecraft:crafting_table":13,"extraweapons:diamond_saber":124,"minecraft:smoker":2,"minecraft:flower_pot":1,"minecraft:diamond_pickaxe":8,"minecraft:iron_pickaxe":264,"minecraft:gravel":6,"minecraft:stone_axe":26,"minecraft:cobblestone":130,"minecraft:potion":3,"travelersbackpack:standard":14,"minecraft:bucket":16,"minecraft:pumpkin_pie":2},"minecraft:picked_up":{"minecraft:wooden_axe":9,"iceandfire:dragon_skull_lightning":1,"minecraft:iron_chestplate":8,"minecraft:crafting_table":14,"minecraft:chainmail_boots":1,"iceandfire:witherbone":1,"minecraft:flower_pot":1,"minecraft:wooden_pickaxe":5,"minecraft:enchanted_book":3,"enigmaticlegacy:tattered_tome":2,"minecraft:shield":4,"minecraft:string":10,"minecraft:iron_axe":3,"minecraft:iron_leggings":9,"iceandfire:amythest_gem":2,"minecraft:cracked_stone_bricks":3,"minecraft:beef":7,"minecraft:iron_pickaxe":4,"minecraft:minecart":1,"minecraft:iron_boots":6,"minecraft:chest":2,"minecraft:birch_sapling":9,"minecraft:furnace":20,"minecraft:egg":5,"minecraft:tipped_arrow":1,"minecraft:dark_oak_sapling":1,"minecraft:stick":6,"iceandfire:dragonbone":27,"extraweapons:diamond_saber":1,"minecraft:acacia_log":12,"minecraft:porkchop":3,"minecraft:diorite":1,"extraweapons:stonemultitool":1,"botania:black_lotus":2,"minecraft:tnt":1,"minecraft:arrow":19,"minecraft:rotten_flesh":6,"minecraft:nether_bricks":3,"minecraft:mutton":15,"minecraft:iron_bars":33,"minecraft:white_wool":19,"minecraft:cobblestone":240,"minecraft:birch_log":30,"minecraft:cooked_beef":10,"minecraft:water_bucket":3,"minecraft:andesite":6,"minecraft:orange_carpet":1,"minecraft:leather":10,"minecraft:golden_leggings":2,"minecraft:smoker":4,"minecraft:birch_planks":6,"minecraft:flint":1,"minecraft:chainmail_chestplate":1,"minecraft:oak_log":58,"evilcraft:flesh_humanoid":6,"artifacts:cloud_in_a_bottle":1,"minecraft:nether_wart_block":1,"minecraft:gunpowder":1,"scalinghealth:heart_crystal":1,"minecraft:dirt":95,"minecraft:cooked_mutton":3,"extraweapons:iron_longsword":8,"minecraft:bone":25,"travelersbackpack:backpack_tank":2,"minecraft:acacia_planks":2,"minecraft:stone_bricks":1,"minecraft:bow":1,"minecraft:wheat_seeds":5,"minecraft:iron_ingot":30,"minecraft:iron_ore":177,"minecraft:mossy_stone_bricks":5,"minecraft:glass_bottle":2,"minecraft:oak_planks":6,"minecraft:iron_sword":1,"minecraft:acacia_sapling":2,"firstaid:plaster":1,"scalinghealth:heart_crystal_shard":1,"minecraft:cooked_porkchop":21,"enigmaticlegacy:iron_ring":1,"minecraft:gravel":18,"enigmaticlegacy:enigmatic_amulet":1,"minecraft:sand":12,"minecraft:nether_brick_stairs":1,"minecraft:acacia_stairs":4,"minecraft:gold_ore":11,"minecraft:spider_eye":3,"minecraft:mossy_cobblestone":1,"minecraft:skeleton_spawn_egg":1,"enigmaticlegacy:cursed_ring":4,"minecraft:diamond":7,"minecraft:chainmail_leggings":1,"evilcraft:dark_gem":27,"minecraft:iron_helmet":6,"minecraft:ender_pearl":12,"minecraft:black_wool":1,"minecraft:coal":397},"minecraft:crafted":{"minecraft:oak_planks":24,"minecraft:furnace":4,"extraweapons:iron_longsword":1,"minecraft:cooked_mutton":15,"minecraft:flint_and_steel":1,"minecraft:glass":12,"travelersbackpack:white_sleeping_bag":1,"minecraft:iron_boots":2,"minecraft:iron_axe":2,"minecraft:stone_pickaxe":2,"minecraft:smoker":2,"minecraft:cooked_beef":7,"minecraft:cooked_porkchop":3,"minecraft:crafting_table":2,"travelersbackpack:backpack_tank":2,"minecraft:iron_helmet":2,"minecraft:wooden_pickaxe":2,"travelersbackpack:standard":1,"minecraft:bucket":2,"minecraft:birch_planks":96,"minecraft:stone_axe":2,"minecraft:air":0,"extraweapons:diamond_saber":1,"minecraft:iron_chestplate":2,"minecraft:shield":4,"minecraft:stick":24,"minecraft:iron_ingot":115,"minecraft:iron_pickaxe":2,"minecraft:wooden_axe":1,"minecraft:iron_leggings":2,"minecraft:white_bed":1,"minecraft:acacia_planks":32,"extraweapons:handle":4},"minecraft:killed_by":{"minecraft:stray":2,"minecraft:skeleton":7,"minecraft:zombie":3},"minecraft:mined":{"minecraft:diamond_ore":2,"minecraft:mossy_cobblestone":1,"minecraft:dark_oak_leaves":1,"minecraft:acacia_log":11,"minecraft:grass_block":10,"minecraft:spawner":22,"compactores:compactore__minecraft__coal_ore":7,"minecraft:furnace":6,"minecraft:mossy_cobblestone_stairs":1,"minecraft:iron_ore":158,"minecraft:fire":1,"minecraft:andesite":6,"evilcraft:dark_ore":6,"compactores:compactore__minecraft__iron_ore":6,"minecraft:vine":4,"minecraft:iron_bars":24,"minecraft:stone":232,"scalinghealth:heart_crystal_ore":1,"minecraft:smoker":2,"minecraft:crafting_table":13,"minecraft:chest":2,"minecraft:tall_grass":5,"minecraft:cobblestone":5,"iceandfire:amythest_ore":2,"minecraft:diorite":1,"minecraft:birch_planks":6,"minecraft:birch_log":30,"minecraft:birch_leaves":3,"minecraft:grass":29,"minecraft:oak_log":18,"minecraft:coal_ore":72,"minecraft:sand":14,"minecraft:gravel":17,"minecraft:dirt":11,"compactores:compactore__minecraft__diamond_ore":1,"minecraft:cracked_stone_bricks":1,"minecraft:stone_bricks":1,"minecraft:mossy_stone_bricks":4,"minecraft:gold_ore":11,"minecraft:oak_leaves":1},"minecraft:dropped":{"minecraft:nether_brick_stairs":1,"minecraft:enchanted_book":3,"minecraft:iron_sword":1,"environmental:thief_hood":1,"minecraft:wheat_seeds":5,"minecraft:mossy_cobblestone":1,"minecraft:glass_bottle":1,"minecraft:minecart":1,"minecraft:dark_oak_sapling":1,"minecraft:iron_helmet":1,"minecraft:cobblestone":8,"enigmaticlegacy:golem_heart":1,"minecraft:stick":1,"minecraft:dirt":3,"minecraft:torch":16,"minecraft:nether_wart_block":1,"minecraft:wooden_axe":9,"minecraft:white_wool":1,"minecraft:acacia_planks":4,"minecraft:gravel":12,"minecraft:birch_sapling":9,"minecraft:rotten_flesh":6,"enigmaticlegacy:tattered_tome":2,"enigmaticlegacy:iron_ring":1,"minecraft:skeleton_spawn_egg":1,"minecraft:nether_bricks":3,"evilcraft:flesh_humanoid":1,"enigmaticlegacy:cursed_ring":5,"minecraft:tipped_arrow":1,"minecraft:gunpowder":1,"minecraft:iron_chestplate":1,"minecraft:andesite":6,"minecraft:mossy_stone_bricks":2,"minecraft:acacia_sapling":2,"minecraft:stone_bricks":1,"minecraft:iron_bars":10,"minecraft:wooden_pickaxe":5,"enigmaticlegacy:enigmatic_amulet":1,"iceandfire:dragon_skull_lightning":1,"minecraft:black_wool":1,"minecraft:water_bucket":1,"minecraft:egg":4},"minecraft:custom":{"minecraft:mob_kills":88,"minecraft:interact_with_crafting_table":42,"minecraft:open_barrel":4,"minecraft:leave_game":5,"minecraft:time_since_death":2360,"minecraft:climb_one_cm":4589,"minecraft:sprint_one_cm":429363,"minecraft:damage_blocked_by_shield":956,"minecraft:walk_one_cm":668973,"minecraft:drop":69,"minecraft:deaths":13,"minecraft:sneak_time":3114,"minecraft:walk_under_water_one_cm":15922,"minecraft:jump":2063,"minecraft:walk_on_water_one_cm":40944,"minecraft:interact_with_furnace":115,"minecraft:play_one_minute":173437,"minecraft:sleep_in_bed":2,"minecraft:time_since_rest":2387,"minecraft:damage_taken":5358,"minecraft:damage_dealt":13777,"minecraft:swim_one_cm":7158,"minecraft:fly_one_cm":300715,"minecraft:open_chest":79,"minecraft:crouch_one_cm":10347,"minecraft:interact_with_smoker":11,"minecraft:fall_one_cm":54421,"minecraft:interact_with_smithing_table":1}},"DataVersion":2586}