{"stats":{"minecraft:killed":{"minecraft:cave_spider":4,"minecraft:spider":7,"minecraft:horse":3,"minecraft:skeleton":16,"artifacts:mimic":2,"minecraft:husk":2,"minecraft:pig":2,"minecraft:zombie_villager":2,"minecraft:creeper":3,"minecraft:sheep":12,"minecraft:zombie":37,"minecraft:stray":5,"minecraft:wither_skeleton":3,"minecraft:enderman":1,"minecraft:cow":8},"minecraft:broken":{"minecraft:iron_leggings":1,"minecraft:stone_pickaxe":2,"minecraft:iron_pickaxe":1},"minecraft:used":{"minecraft:shield":28,"minecraft:iron_sword":27,"extraweapons:iron_longsword":212,"minecraft:oak_door":1,"minecraft:dirt":7,"scalinghealth:heart_crystal":8,"minecraft:wooden_axe":18,"minecraft:iron_axe":83,"minecraft:furnace":9,"minecraft:cooked_beef":4,"minecraft:acacia_planks":4,"minecraft:cooked_mutton":7,"minecraft:water_bucket":24,"minecraft:mossy_stone_bricks":8,"minecraft:diorite":1,"minecraft:birch_planks":86,"minecraft:glass_bottle":1,"minecraft:stone_pickaxe":261,"minecraft:wooden_pickaxe":45,"minecraft:crafting_table":16,"extraweapons:diamond_saber":124,"minecraft:smoker":2,"minecraft:flower_pot":1,"minecraft:diamond_pickaxe":8,"minecraft:iron_pickaxe":354,"minecraft:gravel":6,"minecraft:stone_axe":26,"minecraft:cobblestone":138,"minecraft:potion":4,"travelersbackpack:standard":14,"minecraft:bucket":27,"minecraft:pumpkin_pie":2},"minecraft:picked_up":{"minecraft:wooden_axe":9,"iceandfire:dragon_skull_lightning":1,"minecraft:iron_chestplate":9,"minecraft:crafting_table":14,"minecraft:chainmail_boots":3,"iceandfire:witherbone":4,"minecraft:flower_pot":1,"minecraft:wooden_pickaxe":5,"minecraft:potion":1,"minecraft:enchanted_book":3,"enigmaticlegacy:tattered_tome":2,"minecraft:shield":4,"minecraft:string":17,"minecraft:iron_axe":3,"minecraft:iron_leggings":11,"iceandfire:amythest_gem":2,"minecraft:cracked_stone_bricks":3,"minecraft:beef":13,"minecraft:iron_pickaxe":6,"minecraft:minecart":1,"minecraft:iron_boots":9,"minecraft:chest":2,"minecraft:birch_sapling":9,"minecraft:furnace":32,"minecraft:egg":5,"minecraft:tipped_arrow":3,"minecraft:dark_oak_sapling":1,"minecraft:stick":6,"iceandfire:dragonbone":27,"extraweapons:diamond_saber":1,"minecraft:oak_fence":1,"minecraft:torch":3,"minecraft:acacia_log":12,"minecraft:porkchop":3,"minecraft:diorite":1,"extraweapons:stonemultitool":1,"botania:black_lotus":2,"minecraft:tnt":1,"minecraft:arrow":21,"minecraft:rotten_flesh":22,"minecraft:nether_bricks":3,"artifacts:cross_necklace":1,"minecraft:gold_ingot":28,"minecraft:mutton":19,"minecraft:iron_bars":33,"minecraft:white_wool":21,"minecraft:cobblestone":282,"minecraft:birch_log":30,"minecraft:cooked_beef":10,"minecraft:iron_door":1,"minecraft:water_bucket":3,"minecraft:andesite":6,"minecraft:orange_carpet":1,"minecraft:leather":16,"minecraft:golden_leggings":3,"minecraft:smoker":4,"minecraft:birch_planks":6,"minecraft:flint":1,"minecraft:chainmail_chestplate":4,"minecraft:oak_log":66,"evilcraft:flesh_humanoid":7,"artifacts:cloud_in_a_bottle":1,"minecraft:nether_wart_block":1,"minecraft:gunpowder":3,"scalinghealth:heart_crystal":4,"minecraft:dirt":119,"minecraft:cooked_mutton":3,"extraweapons:iron_longsword":11,"minecraft:bone":51,"travelersbackpack:backpack_tank":2,"minecraft:acacia_planks":2,"minecraft:stone_bricks":2,"minecraft:bow":1,"minecraft:wheat_seeds":8,"minecraft:silverfish_spawn_egg":3,"minecraft:iron_ingot":50,"minecraft:iron_ore":206,"minecraft:mossy_stone_bricks":6,"minecraft:glass_bottle":3,"minecraft:oak_planks":7,"minecraft:iron_sword":1,"minecraft:acacia_sapling":2,"firstaid:plaster":3,"scalinghealth:heart_crystal_shard":7,"minecraft:cooked_porkchop":24,"minecraft:chiseled_stone_bricks":2,"enigmaticlegacy:iron_ring":1,"minecraft:gravel":19,"enigmaticlegacy:enigmatic_amulet":1,"minecraft:sand":12,"minecraft:nether_brick_stairs":1,"minecraft:acacia_stairs":4,"minecraft:gold_ore":23,"minecraft:spider_eye":6,"minecraft:mossy_cobblestone":1,"enigmaticlegacy:lore_inscriber":1,"minecraft:skeleton_spawn_egg":1,"enigmaticlegacy:cursed_ring":4,"minecraft:diamond":8,"minecraft:chainmail_leggings":1,"evilcraft:dark_gem":77,"minecraft:iron_helmet":8,"minecraft:golden_apple":2,"minecraft:ender_pearl":16,"minecraft:black_wool":1,"minecraft:coal":534},"minecraft:crafted":{"minecraft:oak_door":3,"minecraft:oak_planks":36,"minecraft:furnace":4,"extraweapons:iron_longsword":1,"minecraft:cooked_mutton":19,"minecraft:flint_and_steel":1,"minecraft:glass":12,"travelersbackpack:white_sleeping_bag":1,"minecraft:iron_boots":2,"minecraft:iron_axe":2,"minecraft:stone_pickaxe":2,"minecraft:smoker":2,"minecraft:cooked_beef":13,"minecraft:cooked_porkchop":3,"minecraft:crafting_table":3,"travelersbackpack:backpack_tank":2,"minecraft:iron_helmet":2,"minecraft:wooden_pickaxe":2,"travelersbackpack:standard":1,"minecraft:bucket":2,"minecraft:birch_planks":96,"minecraft:stone_axe":2,"minecraft:air":0,"extraweapons:diamond_saber":1,"minecraft:iron_chestplate":2,"minecraft:shield":5,"minecraft:stick":24,"minecraft:iron_ingot":144,"minecraft:iron_pickaxe":2,"minecraft:wooden_axe":1,"minecraft:iron_leggings":3,"minecraft:white_bed":1,"minecraft:acacia_planks":32,"extraweapons:handle":4},"minecraft:killed_by":{"minecraft:wither_skeleton":3,"minecraft:stray":2,"minecraft:skeleton":7,"minecraft:zombie":3},"minecraft:mined":{"minecraft:diamond_ore":3,"minecraft:mossy_cobblestone":1,"minecraft:dark_oak_leaves":1,"minecraft:acacia_log":11,"minecraft:grass_block":10,"minecraft:spawner":31,"compactores:compactore__minecraft__coal_ore":10,"minecraft:furnace":10,"minecraft:mossy_cobblestone_stairs":1,"minecraft:iron_ore":158,"minecraft:fire":1,"minecraft:andesite":6,"evilcraft:dark_ore":17,"compactores:compactore__minecraft__iron_ore":14,"minecraft:vine":4,"minecraft:iron_bars":24,"minecraft:stone":258,"scalinghealth:heart_crystal_ore":1,"minecraft:smoker":2,"minecraft:crafting_table":16,"minecraft:chest":2,"minecraft:tall_grass":5,"minecraft:cobblestone":11,"iceandfire:amythest_ore":2,"compactores:compactore__minecraft__gold_ore":3,"minecraft:iron_door":1,"minecraft:oak_planks":3,"minecraft:diorite":1,"minecraft:birch_planks":6,"minecraft:birch_log":30,"minecraft:tnt":1,"minecraft:birch_leaves":3,"minecraft:grass":29,"minecraft:oak_log":18,"minecraft:coal_ore":85,"minecraft:sand":14,"minecraft:gravel":17,"minecraft:dirt":11,"compactores:compactore__minecraft__diamond_ore":1,"minecraft:cracked_stone_bricks":1,"minecraft:stone_bricks":2,"minecraft:mossy_stone_bricks":5,"minecraft:gold_ore":11,"minecraft:oak_leaves":1},"minecraft:dropped":{"minecraft:nether_brick_stairs":1,"minecraft:enchanted_book":3,"minecraft:iron_sword":1,"environmental:thief_hood":1,"minecraft:wheat_seeds":8,"minecraft:mossy_cobblestone":1,"minecraft:glass_bottle":3,"minecraft:minecart":1,"minecraft:dark_oak_sapling":1,"minecraft:iron_helmet":3,"minecraft:cobblestone":8,"enigmaticlegacy:golem_heart":1,"minecraft:stick":1,"minecraft:dirt":3,"minecraft:torch":17,"minecraft:nether_wart_block":1,"minecraft:wooden_axe":9,"minecraft:white_wool":1,"minecraft:acacia_planks":4,"minecraft:oak_door":2,"minecraft:gravel":12,"minecraft:birch_sapling":9,"minecraft:rotten_flesh":12,"enigmaticlegacy:tattered_tome":2,"enigmaticlegacy:iron_ring":1,"minecraft:skeleton_spawn_egg":1,"minecraft:nether_bricks":3,"evilcraft:flesh_humanoid":2,"minecraft:chainmail_chestplate":1,"enigmaticlegacy:cursed_ring":5,"minecraft:chiseled_stone_bricks":2,"minecraft:tipped_arrow":3,"minecraft:gunpowder":1,"minecraft:iron_chestplate":1,"minecraft:andesite":6,"minecraft:chainmail_boots":1,"minecraft:golden_leggings":1,"minecraft:mossy_stone_bricks":3,"minecraft:acacia_sapling":2,"minecraft:stone_bricks":2,"minecraft:iron_bars":10,"minecraft:wooden_pickaxe":5,"firstaid:plaster":1,"enigmaticlegacy:enigmatic_amulet":1,"iceandfire:dragon_skull_lightning":1,"minecraft:black_wool":1,"minecraft:water_bucket":1,"minecraft:egg":4},"minecraft:custom":{"minecraft:mob_kills":126,"minecraft:interact_with_crafting_table":50,"minecraft:open_barrel":11,"minecraft:leave_game":5,"minecraft:time_since_death":45894,"minecraft:climb_one_cm":6477,"minecraft:sprint_one_cm":550876,"minecraft:damage_blocked_by_shield":1146,"minecraft:walk_one_cm":940840,"minecraft:drop":88,"minecraft:deaths":16,"minecraft:sneak_time":3147,"minecraft:walk_under_water_one_cm":23647,"minecraft:jump":2703,"minecraft:walk_on_water_one_cm":55765,"minecraft:interact_with_furnace":144,"minecraft:play_one_minute":221437,"minecraft:sleep_in_bed":2,"minecraft:time_since_rest":45925,"minecraft:damage_taken":7670,"minecraft:trigger_trapped_chest":2,"minecraft:damage_dealt":21871,"minecraft:swim_one_cm":12635,"minecraft:fly_one_cm":356920,"minecraft:open_chest":94,"minecraft:crouch_one_cm":10349,"minecraft:interact_with_smoker":11,"minecraft:fall_one_cm":64966,"minecraft:interact_with_smithing_table":1}},"DataVersion":2586}