{"stats":{"minecraft:killed":{"alexsmobs:raccoon":2,"minecraft:spider":1,"minecraft:skeleton":1,"minecraft:pig":3,"alexsmobs:grizzly_bear":1,"minecraft:creeper":5,"minecraft:sheep":5,"minecraft:zombie":7,"iceandfire:ghost":6},"minecraft:broken":{"minecraft:iron_pickaxe":2},"minecraft:used":{"minecraft:iron_shovel":229,"minecraft:chest":4,"minecraft:spruce_planks":2,"minecraft:shield":14,"minecraft:rotten_flesh":3,"minecraft:torch":46,"minecraft:dirt":244,"spartanweaponry:hammer_iron":25,"minecraft:iron_axe":224,"carryon:entity_item":5,"minecraft:hay_block":3,"minecraft:furnace":8,"minecraft:cooked_mutton":5,"minecraft:oak_planks":25,"spartanweaponry:boomerang_iron":7,"minecraft:sandstone":6,"minecraft:white_wool":2,"minecraft:sand":2,"minecraft:oak_slab":12,"minecraft:crafting_table":5,"minecraft:white_bed":5,"minecraft:oak_log":2,"minecraft:iron_pickaxe":672,"minecraft:bread":14,"minecraft:lectern":1,"minecraft:cobblestone":433},"minecraft:picked_up":{"iceandfire:copper_ingot":6,"iceandfire:dragon_skull_lightning":2,"minecraft:crafting_table":5,"minecraft:iron_chestplate":7,"alexsmobs:roadrunner_feather":2,"minecraft:shield":4,"iceandfire:manuscript":9,"minecraft:string":2,"minecraft:iron_axe":5,"minecraft:flint_and_steel":3,"minecraft:iron_leggings":5,"minecraft:iron_shovel":1,"minecraft:gold_nugget":36,"minecraft:spruce_planks":10,"minecraft:iron_pickaxe":6,"alexsmobs:raccoon_tail":1,"minecraft:lectern":2,"minecraft:chest":1,"minecraft:furnace":10,"minecraft:iron_boots":5,"minecraft:egg":1,"minecraft:stick":33,"minecraft:sandstone":18,"iceandfire:dragonbone":109,"minecraft:torch":6,"minecraft:porkchop":8,"minecraft:carrot":22,"spartanweaponry:hammer_iron":9,"minecraft:zombie_spawn_egg":1,"minecraft:rotten_flesh":10,"minecraft:arrow":8,"iceandfire:silver_ingot":29,"minecraft:hay_block":18,"minecraft:gold_ingot":13,"minecraft:mutton":8,"minecraft:cobblestone":532,"minecraft:white_wool":9,"minecraft:oxeye_daisy":1,"minecraft:andesite":6,"minecraft:potato":8,"minecraft:oak_log":103,"evilcraft:flesh_humanoid":3,"iceandfire:ectoplasm":1,"minecraft:gunpowder":5,"minecraft:dirt":253,"enigmaticlegacy:common_potion":6,"minecraft:orange_terracotta":1,"minecraft:cooked_mutton":24,"minecraft:bone":21,"travelersbackpack:backpack_tank":2,"minecraft:apple":8,"minecraft:wheat_seeds":38,"minecraft:creeper_spawn_egg":3,"minecraft:iron_ingot":5,"minecraft:iron_ore":43,"croptopia:roe":4,"minecraft:oak_planks":434,"minecraft:book":48,"iceandfire:copper_nugget":28,"scalinghealth:heart_crystal_shard":2,"endrem:old_eye":3,"minecraft:cooked_porkchop":25,"minecraft:sweet_berries":28,"iceandfire:dragon_skull_fire":6,"minecraft:sand":6,"minecraft:white_bed":5,"minecraft:spruce_log":3,"minecraft:diamond":4,"minecraft:spruce_boat":2,"minecraft:iron_helmet":6,"minecraft:golden_apple":6,"minecraft:emerald":12,"minecraft:bread":64,"minecraft:oak_sapling":36,"iceandfire:silver_nugget":20,"minecraft:coal":166,"enigmaticlegacy:magnet_ring":1},"minecraft:crafted":{"minecraft:oak_planks":248,"minecraft:furnace":2,"minecraft:cooked_mutton":8,"minecraft:iron_axe":1,"minecraft:chest":3,"minecraft:spruce_boat":1,"minecraft:wheat":90,"iceandfire:copper_ingot":3,"minecraft:oak_slab":12,"iceandfire:silver_ingot":2,"minecraft:crafting_table":3,"minecraft:spruce_planks":12,"minecraft:iron_helmet":1,"minecraft:bread":30,"minecraft:air":0,"minecraft:shield":1,"minecraft:stick":16,"minecraft:iron_pickaxe":3,"minecraft:iron_ingot":41,"minecraft:gold_ingot":4,"minecraft:iron_leggings":1,"minecraft:torch":48},"minecraft:killed_by":{"minecraft:iron_golem":2,"mutantbeasts:mutant_skeleton":12,"minecraft:skeleton":2,"alexsmobs:tarantula_hawk":1,"iceandfire:ghost":2},"minecraft:mined":{"minecraft:white_bed":4,"croptopia:orange_crop":1,"iceandfire:copper_pile":4,"minecraft:grass_block":209,"minecraft:spruce_leaves":1,"environmental:giant_tall_grass":17,"minecraft:hay_block":13,"compactores:compactore__minecraft__coal_ore":5,"minecraft:furnace":6,"minecraft:iron_ore":36,"minecraft:andesite":2,"minecraft:bookshelf":4,"compactores:compactore__minecraft__iron_ore":2,"iceandfire:gold_pile":6,"minecraft:vine":2,"minecraft:stone":515,"minecraft:white_wool":1,"minecraft:crafting_table":1,"minecraft:dead_bush":1,"minecraft:lectern":2,"minecraft:stone_slab":1,"minecraft:tall_grass":27,"minecraft:cobblestone":22,"minecraft:oak_planks":7,"minecraft:wall_torch":1,"minecraft:lilac":1,"minecraft:spruce_log":3,"minecraft:grass_path":17,"minecraft:grass":325,"minecraft:oak_log":103,"minecraft:coal_ore":67,"iceandfire:silver_pile":6,"minecraft:dirt":3,"minecraft:oak_leaves":23},"minecraft:dropped":{"minecraft:iron_ingot":11,"minecraft:bread":2,"minecraft:wheat_seeds":2,"minecraft:crafting_table":1,"minecraft:creeper_spawn_egg":1,"minecraft:cobblestone":4,"minecraft:coal":3,"minecraft:stick":8,"alexsmobs:roadrunner_feather":2,"minecraft:sand":2,"travelersbackpack:backpack_tank":2,"minecraft:white_wool":4,"iceandfire:dragon_skull_fire":1,"minecraft:bone":21,"minecraft:iron_nugget":5,"alexsmobs:animal_dictionary":1,"minecraft:rotten_flesh":4,"evilcraft:flesh_humanoid":2,"minecraft:hay_block":5,"minecraft:andesite":6,"iceandfire:silver_ingot":8,"minecraft:oak_sapling":1},"minecraft:custom":{"minecraft:mob_kills":33,"minecraft:interact_with_crafting_table":21,"minecraft:leave_game":7,"minecraft:time_since_death":63547,"minecraft:climb_one_cm":1545,"minecraft:sprint_one_cm":428195,"minecraft:walk_one_cm":409228,"minecraft:damage_blocked_by_shield":374,"minecraft:drop":46,"minecraft:talked_to_villager":5,"minecraft:deaths":20,"minecraft:sneak_time":10909,"minecraft:walk_under_water_one_cm":9385,"minecraft:jump":4782,"minecraft:interact_with_brewingstand":1,"minecraft:walk_on_water_one_cm":16744,"minecraft:interact_with_furnace":41,"minecraft:play_one_minute":178271,"minecraft:sleep_in_bed":4,"minecraft:time_since_rest":30975,"minecraft:damage_taken":3898,"minecraft:trigger_trapped_chest":3,"minecraft:damage_dealt":7727,"minecraft:swim_one_cm":35749,"minecraft:fly_one_cm":1208427,"minecraft:player_kills":1,"minecraft:open_chest":100,"minecraft:crouch_one_cm":45753,"minecraft:fall_one_cm":142280}},"DataVersion":2586}