{"stats":{"minecraft:custom":{"minecraft:mob_kills":65,"minecraft:interact_with_crafting_table":34,"minecraft:leave_game":15,"minecraft:time_since_death":58436,"minecraft:climb_one_cm":2547,"minecraft:sprint_one_cm":686805,"minecraft:walk_one_cm":840835,"minecraft:damage_blocked_by_shield":1092,"minecraft:drop":53,"minecraft:talked_to_villager":7,"minecraft:sneak_time":27552,"minecraft:deaths":24,"minecraft:walk_under_water_one_cm":11020,"minecraft:interact_with_brewingstand":1,"minecraft:jump":8024,"minecraft:walk_on_water_one_cm":22321,"minecraft:interact_with_furnace":48,"minecraft:play_one_minute":341898,"minecraft:sleep_in_bed":4,"minecraft:time_since_rest":58460,"minecraft:damage_taken":5601,"minecraft:trigger_trapped_chest":3,"minecraft:damage_dealt":15757,"minecraft:player_kills":1,"minecraft:swim_one_cm":39836,"minecraft:fly_one_cm":1916463,"minecraft:open_chest":174,"minecraft:crouch_one_cm":121425,"minecraft:fall_one_cm":227134},"minecraft:crafted":{"minecraft:oak_planks":252,"minecraft:furnace":2,"minecraft:cooked_mutton":8,"minecraft:iron_axe":2,"minecraft:chest":6,"minecraft:spruce_boat":1,"minecraft:wheat":126,"iceandfire:copper_ingot":3,"minecraft:oak_slab":12,"iceandfire:silver_ingot":2,"minecraft:crafting_table":3,"minecraft:spruce_planks":12,"minecraft:iron_helmet":1,"minecraft:bread":42,"minecraft:air":0,"minecraft:shield":1,"minecraft:stick":44,"minecraft:iron_ingot":47,"minecraft:iron_pickaxe":6,"minecraft:iron_shovel":2,"minecraft:gold_ingot":4,"minecraft:iron_leggings":1,"minecraft:torch":112},"minecraft:killed_by":{"minecraft:pillager":1,"minecraft:iron_golem":2,"minecraft:ravager":2,"mutantbeasts:mutant_skeleton":13,"minecraft:skeleton":2,"alexsmobs:tarantula_hawk":1,"iceandfire:ghost":2},"minecraft:picked_up":{"iceandfire:copper_ingot":6,"iceandfire:dragon_skull_lightning":2,"minecraft:iron_chestplate":10,"minecraft:crafting_table":5,"minecraft:azure_bluet":2,"alexsmobs:roadrunner_feather":2,"minecraft:stone_brick_wall":12,"minecraft:potion":2,"minecraft:enchanted_book":2,"minecraft:chain":3,"minecraft:shield":8,"minecraft:cornflower":3,"iceandfire:manuscript":12,"minecraft:string":8,"minecraft:iron_axe":6,"minecraft:flint_and_steel":3,"minecraft:iron_leggings":10,"minecraft:iron_shovel":3,"minecraft:experience_bottle":3,"minecraft:cracked_stone_bricks":1,"minecraft:gold_nugget":57,"minecraft:spruce_planks":10,"croptopia:pepper_seed":4,"minecraft:poppy":1,"minecraft:iron_pickaxe":10,"alexsmobs:raccoon_tail":2,"minecraft:lectern":2,"minecraft:sugar_cane":5,"minecraft:chest":5,"minecraft:birch_sapling":8,"minecraft:furnace":10,"minecraft:iron_boots":9,"minecraft:egg":1,"minecraft:stick":40,"minecraft:sandstone":18,"iceandfire:dragonbone":109,"minecraft:torch":51,"minecraft:fire_charge":6,"minecraft:porkchop":8,"minecraft:carrot":23,"minecraft:redstone":3,"spartanweaponry:hammer_iron":14,"minecraft:zombie_spawn_egg":2,"botania:manasteel_ingot":4,"iceandfire:silver_ingot":29,"minecraft:arrow":15,"minecraft:rotten_flesh":37,"minecraft:hay_block":22,"minecraft:saddle":1,"minecraft:gold_ingot":24,"croptopia:pepper":2,"minecraft:mutton":8,"minecraft:white_wool":9,"minecraft:cobblestone":1509,"minecraft:oxeye_daisy":3,"minecraft:stripped_oak_log":1,"minecraft:birch_log":11,"iceandfire:sea_serpent_fang":1,"minecraft:andesite":6,"minecraft:leather":8,"minecraft:potato":8,"minecraft:flint":1,"minecraft:oak_log":142,"evilcraft:flesh_humanoid":3,"iceandfire:ectoplasm":1,"minecraft:gunpowder":5,"minecraft:map":8,"minecraft:lapis_lazuli":4,"minecraft:dirt":1234,"enigmaticlegacy:common_potion":6,"minecraft:white_banner":8,"minecraft:orange_terracotta":1,"minecraft:cooked_mutton":25,"minecraft:bone":43,"travelersbackpack:backpack_tank":2,"minecraft:apple":8,"minecraft:stone_bricks":18,"minecraft:bow":2,"minecraft:wheat_seeds":65,"minecraft:creeper_spawn_egg":3,"minecraft:iron_ingot":19,"minecraft:iron_ore":43,"artifacts:kitty_slippers":5,"scalinghealth:power_crystal_shard":2,"minecraft:glass_bottle":4,"croptopia:roe":8,"minecraft:oak_planks":518,"minecraft:book":48,"iceandfire:copper_nugget":28,"scalinghealth:heart_crystal_shard":2,"endrem:old_eye":3,"minecraft:cooked_porkchop":25,"minecraft:sweet_berries":28,"minecraft:dandelion":1,"minecraft:gravel":2,"iceandfire:dragon_skull_fire":6,"minecraft:sand":70,"minecraft:red_banner":4,"minecraft:white_bed":5,"minecraft:spruce_log":3,"minecraft:spider_eye":1,"minecraft:diamond":6,"minecraft:spruce_boat":2,"minecraft:iron_helmet":7,"minecraft:golden_apple":12,"minecraft:emerald":20,"minecraft:chainmail_helmet":3,"minecraft:bread":74,"minecraft:oak_sapling":54,"minecraft:bricks":2,"iceandfire:silver_nugget":20,"minecraft:coal":196,"enigmaticlegacy:magnet_ring":1},"minecraft:mined":{"croptopia:pepper_crop":4,"minecraft:white_bed":4,"croptopia:orange_crop":1,"iceandfire:copper_pile":4,"minecraft:stone_brick_wall":10,"minecraft:grass_block":604,"minecraft:spruce_leaves":1,"environmental:giant_tall_grass":17,"minecraft:hay_block":17,"compactores:compactore__minecraft__coal_ore":6,"minecraft:furnace":6,"minecraft:iron_ore":36,"minecraft:andesite":2,"minecraft:bookshelf":4,"minecraft:vine":2,"compactores:compactore__minecraft__iron_ore":2,"iceandfire:gold_pile":6,"minecraft:stripped_oak_log":1,"minecraft:stone":1391,"minecraft:white_wool":1,"minecraft:dandelion":1,"minecraft:cornflower":3,"minecraft:crafting_table":1,"minecraft:torch":5,"minecraft:chest":4,"minecraft:dead_bush":1,"minecraft:lectern":2,"minecraft:stone_slab":1,"minecraft:tall_grass":43,"minecraft:cobblestone":76,"minecraft:bricks":3,"minecraft:oak_planks":16,"minecraft:sugar_cane":4,"minecraft:wall_torch":2,"minecraft:birch_log":11,"minecraft:lilac":1,"minecraft:spruce_log":3,"minecraft:birch_leaves":22,"minecraft:grass_path":31,"minecraft:grass":398,"minecraft:coal_ore":93,"minecraft:oak_log":135,"iceandfire:silver_pile":6,"minecraft:gravel":3,"minecraft:sand":66,"minecraft:dirt":57,"minecraft:cracked_stone_bricks":1,"minecraft:stone_bricks":16,"minecraft:oak_leaves":95},"minecraft:killed":{"illagers_plus:furantur":1,"alexsmobs:raccoon":5,"minecraft:spider":3,"minecraft:vindicator":1,"minecraft:skeleton":2,"illagers_plus:enchanter":1,"minecraft:drowned":1,"minecraft:pig":3,"alexsmobs:grizzly_bear":1,"illagers_plus:illager_general":1,"minecraft:creeper":5,"minecraft:sheep":5,"minecraft:pillager":4,"minecraft:zombie":21,"iceandfire:ghost":6},"minecraft:broken":{"minecraft:iron_shovel":3,"minecraft:wooden_pickaxe":1,"minecraft:stone_pickaxe":1,"minecraft:iron_axe":1,"minecraft:iron_pickaxe":5},"minecraft:used":{"minecraft:iron_shovel":764,"minecraft:chest":7,"minecraft:spruce_planks":2,"minecraft:shield":30,"minecraft:rotten_flesh":6,"minecraft:torch":138,"minecraft:dirt":578,"spartanweaponry:hammer_iron":144,"minecraft:iron_axe":305,"carryon:entity_item":5,"minecraft:stone_bricks":4,"minecraft:bow":10,"minecraft:hay_block":3,"minecraft:furnace":8,"minecraft:cooked_mutton":8,"minecraft:stone_pickaxe":131,"minecraft:oak_planks":25,"spartanweaponry:boomerang_iron":7,"minecraft:wooden_pickaxe":59,"minecraft:sandstone":6,"minecraft:white_wool":2,"minecraft:sand":2,"minecraft:oak_slab":12,"minecraft:crafting_table":5,"minecraft:white_bed":5,"minecraft:oak_log":2,"minecraft:iron_pickaxe":1476,"minecraft:bread":21,"minecraft:lectern":1,"minecraft:fire_charge":6,"minecraft:cobblestone":1401,"minecraft:cooked_rabbit":1},"minecraft:dropped":{"minecraft:iron_ingot":11,"minecraft:bread":2,"minecraft:wheat_seeds":2,"minecraft:crafting_table":1,"minecraft:creeper_spawn_egg":1,"minecraft:cobblestone":4,"spartanweaponry:hammer_iron":1,"minecraft:coal":3,"minecraft:stick":8,"minecraft:dirt":7,"alexsmobs:roadrunner_feather":2,"minecraft:sand":2,"minecraft:iron_shovel":1,"travelersbackpack:backpack_tank":2,"minecraft:white_wool":4,"iceandfire:dragon_skull_fire":1,"minecraft:bone":21,"minecraft:iron_nugget":5,"artifacts:kitty_slippers":2,"alexsmobs:animal_dictionary":1,"minecraft:rotten_flesh":4,"evilcraft:flesh_humanoid":2,"botania:manasteel_ingot":2,"minecraft:hay_block":5,"minecraft:andesite":6,"iceandfire:silver_ingot":8,"minecraft:oak_sapling":1}},"DataVersion":2586}