{"stats":{"minecraft:killed":{"alexsmobs:raccoon":3,"minecraft:spider":3,"minecraft:skeleton":2,"minecraft:drowned":1,"minecraft:pig":3,"alexsmobs:grizzly_bear":1,"minecraft:creeper":5,"minecraft:sheep":5,"minecraft:pillager":1,"minecraft:zombie":18,"iceandfire:ghost":6},"minecraft:broken":{"minecraft:iron_shovel":3,"minecraft:iron_axe":1,"minecraft:iron_pickaxe":4},"minecraft:used":{"minecraft:iron_shovel":764,"minecraft:chest":7,"minecraft:spruce_planks":2,"minecraft:shield":15,"minecraft:rotten_flesh":6,"minecraft:torch":136,"minecraft:dirt":521,"spartanweaponry:hammer_iron":75,"minecraft:iron_axe":262,"carryon:entity_item":5,"minecraft:bow":7,"minecraft:hay_block":3,"minecraft:furnace":8,"minecraft:cooked_mutton":8,"minecraft:oak_planks":25,"spartanweaponry:boomerang_iron":7,"minecraft:sandstone":6,"minecraft:white_wool":2,"minecraft:sand":2,"minecraft:oak_slab":12,"minecraft:crafting_table":5,"minecraft:white_bed":5,"minecraft:oak_log":2,"minecraft:iron_pickaxe":1128,"minecraft:bread":20,"minecraft:lectern":1,"minecraft:cobblestone":960,"minecraft:cooked_rabbit":1},"minecraft:picked_up":{"iceandfire:copper_ingot":6,"iceandfire:dragon_skull_lightning":2,"minecraft:crafting_table":5,"minecraft:iron_chestplate":9,"minecraft:azure_bluet":1,"alexsmobs:roadrunner_feather":2,"minecraft:enchanted_book":2,"minecraft:chain":3,"minecraft:shield":5,"iceandfire:manuscript":12,"minecraft:string":8,"minecraft:iron_axe":6,"minecraft:flint_and_steel":3,"minecraft:iron_leggings":7,"minecraft:iron_shovel":3,"minecraft:cracked_stone_bricks":1,"minecraft:gold_nugget":45,"minecraft:spruce_planks":10,"croptopia:pepper_seed":4,"minecraft:iron_pickaxe":7,"alexsmobs:raccoon_tail":1,"minecraft:lectern":2,"minecraft:sugar_cane":5,"minecraft:chest":5,"minecraft:furnace":10,"minecraft:iron_boots":6,"minecraft:egg":1,"minecraft:stick":34,"minecraft:sandstone":18,"iceandfire:dragonbone":109,"minecraft:torch":48,"minecraft:porkchop":8,"minecraft:carrot":23,"spartanweaponry:hammer_iron":11,"minecraft:zombie_spawn_egg":2,"minecraft:rotten_flesh":29,"minecraft:arrow":15,"iceandfire:silver_ingot":29,"minecraft:hay_block":22,"croptopia:pepper":2,"minecraft:gold_ingot":16,"minecraft:mutton":8,"minecraft:cobblestone":1017,"minecraft:white_wool":9,"minecraft:oxeye_daisy":3,"minecraft:stripped_oak_log":1,"iceandfire:sea_serpent_fang":1,"minecraft:andesite":6,"minecraft:potato":8,"minecraft:flint":1,"minecraft:oak_log":118,"evilcraft:flesh_humanoid":3,"iceandfire:ectoplasm":1,"minecraft:gunpowder":5,"minecraft:dirt":729,"enigmaticlegacy:common_potion":6,"minecraft:orange_terracotta":1,"minecraft:cooked_mutton":25,"minecraft:bone":37,"travelersbackpack:backpack_tank":2,"minecraft:apple":8,"minecraft:stone_bricks":1,"minecraft:wheat_seeds":54,"minecraft:creeper_spawn_egg":3,"minecraft:iron_ingot":8,"minecraft:iron_ore":43,"artifacts:kitty_slippers":2,"scalinghealth:power_crystal_shard":2,"croptopia:roe":4,"minecraft:oak_planks":518,"minecraft:book":48,"iceandfire:copper_nugget":28,"scalinghealth:heart_crystal_shard":2,"endrem:old_eye":3,"minecraft:cooked_porkchop":25,"minecraft:sweet_berries":28,"minecraft:dandelion":1,"minecraft:gravel":2,"iceandfire:dragon_skull_fire":6,"minecraft:sand":70,"minecraft:white_bed":5,"minecraft:spruce_log":3,"minecraft:spider_eye":1,"minecraft:diamond":4,"minecraft:spruce_boat":2,"minecraft:iron_helmet":7,"minecraft:golden_apple":6,"minecraft:chainmail_helmet":1,"minecraft:emerald":12,"minecraft:bread":64,"minecraft:oak_sapling":43,"minecraft:bricks":2,"iceandfire:silver_nugget":20,"minecraft:coal":180,"enigmaticlegacy:magnet_ring":1},"minecraft:crafted":{"minecraft:oak_planks":252,"minecraft:furnace":2,"minecraft:cooked_mutton":8,"minecraft:iron_axe":1,"minecraft:chest":6,"minecraft:spruce_boat":1,"minecraft:wheat":126,"iceandfire:copper_ingot":3,"minecraft:oak_slab":12,"iceandfire:silver_ingot":2,"minecraft:crafting_table":3,"minecraft:spruce_planks":12,"minecraft:iron_helmet":1,"minecraft:bread":42,"minecraft:air":0,"minecraft:shield":1,"minecraft:stick":40,"minecraft:iron_pickaxe":5,"minecraft:iron_ingot":47,"minecraft:iron_shovel":2,"minecraft:gold_ingot":4,"minecraft:iron_leggings":1,"minecraft:torch":112},"minecraft:killed_by":{"minecraft:iron_golem":2,"mutantbeasts:mutant_skeleton":13,"minecraft:skeleton":2,"alexsmobs:tarantula_hawk":1,"iceandfire:ghost":2},"minecraft:mined":{"croptopia:pepper_crop":4,"minecraft:white_bed":4,"croptopia:orange_crop":1,"iceandfire:copper_pile":4,"minecraft:grass_block":603,"minecraft:spruce_leaves":1,"environmental:giant_tall_grass":17,"minecraft:hay_block":17,"compactores:compactore__minecraft__coal_ore":5,"minecraft:furnace":6,"minecraft:iron_ore":36,"minecraft:andesite":2,"minecraft:bookshelf":4,"compactores:compactore__minecraft__iron_ore":2,"iceandfire:gold_pile":6,"minecraft:vine":2,"minecraft:stripped_oak_log":1,"minecraft:stone":906,"minecraft:white_wool":1,"minecraft:dandelion":1,"minecraft:crafting_table":1,"minecraft:torch":4,"minecraft:chest":4,"minecraft:dead_bush":1,"minecraft:lectern":2,"minecraft:stone_slab":1,"minecraft:tall_grass":37,"minecraft:cobblestone":63,"minecraft:sugar_cane":4,"minecraft:oak_planks":16,"minecraft:bricks":3,"minecraft:wall_torch":1,"minecraft:lilac":1,"minecraft:spruce_log":3,"minecraft:grass_path":31,"minecraft:grass":368,"minecraft:oak_log":111,"minecraft:coal_ore":81,"iceandfire:silver_pile":6,"minecraft:gravel":3,"minecraft:sand":66,"minecraft:dirt":54,"minecraft:cracked_stone_bricks":1,"minecraft:stone_bricks":1,"minecraft:oak_leaves":34},"minecraft:dropped":{"minecraft:iron_ingot":11,"minecraft:bread":2,"minecraft:wheat_seeds":2,"minecraft:crafting_table":1,"minecraft:creeper_spawn_egg":1,"minecraft:cobblestone":4,"spartanweaponry:hammer_iron":1,"minecraft:coal":3,"minecraft:stick":8,"minecraft:dirt":7,"alexsmobs:roadrunner_feather":2,"minecraft:sand":2,"minecraft:iron_shovel":1,"travelersbackpack:backpack_tank":2,"minecraft:white_wool":4,"iceandfire:dragon_skull_fire":1,"minecraft:bone":21,"minecraft:iron_nugget":5,"artifacts:kitty_slippers":2,"alexsmobs:animal_dictionary":1,"minecraft:rotten_flesh":4,"evilcraft:flesh_humanoid":2,"minecraft:hay_block":5,"minecraft:andesite":6,"iceandfire:silver_ingot":8,"minecraft:oak_sapling":1},"minecraft:custom":{"minecraft:mob_kills":51,"minecraft:interact_with_crafting_table":31,"minecraft:leave_game":8,"minecraft:time_since_death":75182,"minecraft:climb_one_cm":2547,"minecraft:sprint_one_cm":574706,"minecraft:walk_one_cm":694099,"minecraft:damage_blocked_by_shield":414,"minecraft:drop":52,"minecraft:talked_to_villager":7,"minecraft:deaths":21,"minecraft:sneak_time":22165,"minecraft:walk_under_water_one_cm":10985,"minecraft:jump":6855,"minecraft:interact_with_brewingstand":1,"minecraft:walk_on_water_one_cm":20770,"minecraft:interact_with_furnace":48,"minecraft:play_one_minute":273367,"minecraft:sleep_in_bed":4,"minecraft:time_since_rest":75209,"minecraft:damage_taken":4483,"minecraft:trigger_trapped_chest":3,"minecraft:damage_dealt":11676,"minecraft:swim_one_cm":39100,"minecraft:fly_one_cm":1701454,"minecraft:player_kills":1,"minecraft:open_chest":162,"minecraft:crouch_one_cm":101398,"minecraft:fall_one_cm":194669}},"DataVersion":2586}