{"stats":{"minecraft:killed":{"minecraft:cave_spider":3,"minecraft:spider":4,"alexsmobs:rattlesnake":1,"minecraft:skeleton":6,"illagers_plus:miner":8,"alexsmobs:guster":1,"minecraft:creeper":1,"minecraft:pillager":4,"minecraft:zombie":10,"illagers_plus:archer":1,"alexsmobs:roadrunner":1,"minecraft:enderman":6},"minecraft:used":{"alexsmobs:emu_egg":2,"minecraft:shield":59,"minecraft:iron_sword":36,"minecraft:zombie_spawn_egg":1,"minecraft:torch":77,"minecraft:dirt":6,"enigmaticlegacy:common_potion":1,"minecraft:dark_oak_planks":18,"minecraft:lava_bucket":2,"carryon:entity_item":7,"evilcraft:box_of_eternal_closure":1,"minecraft:stone_bricks":1,"minecraft:barrel":1,"extraweapons:stonemultitool":510,"minecraft:cooked_beef":1,"botania:lime_mystical_flower":1,"minecraft:water_bucket":37,"minecraft:iron_ore":46,"spartanweaponry:rapier_iron":127,"minecraft:stone_pickaxe":15,"minecraft:oak_planks":20,"minecraft:wooden_pickaxe":4,"minecraft:white_wool":1,"minecraft:crafting_table":9,"minecraft:white_bed":3,"minecraft:bread":17,"minecraft:iron_pickaxe":66,"minecraft:stone_axe":6,"minecraft:cobblestone":106,"minecraft:potion":3,"minecraft:bucket":38,"alexsmobs:animal_dictionary":1,"minecraft:air":1},"minecraft:picked_up":{"minecraft:iron_chestplate":5,"minecraft:crafting_table":7,"minecraft:chainmail_boots":1,"minecraft:wooden_pickaxe":13,"minecraft:potion":1,"enigmaticlegacy:tattered_tome":11,"minecraft:shield":8,"iceandfire:manuscript":3,"minecraft:string":140,"minecraft:iron_axe":2,"minecraft:iron_leggings":9,"minecraft:compass":4,"minecraft:activator_rail":6,"minecraft:gold_nugget":9,"minecraft:bucket":4,"minecraft:poppy":2,"minecraft:iron_pickaxe":6,"minecraft:minecart":2,"minecraft:chest":2,"minecraft:furnace":4,"minecraft:iron_boots":2,"minecraft:egg":2,"minecraft:golden_helmet":1,"minecraft:stick":2,"minecraft:stone":2,"evilcraft:origins_of_darkness":1,"minecraft:torch":119,"minecraft:acacia_log":24,"minecraft:diorite":10,"enigmaticlegacy:withered_tome":2,"minecraft:dark_oak_planks":33,"extraweapons:stonemultitool":9,"minecraft:zombie_spawn_egg":1,"minecraft:tnt":235,"evilcraft:box_of_eternal_closure":1,"minecraft:arrow":42,"minecraft:rotten_flesh":14,"botania:lime_mystical_flower":2,"spartanweaponry:rapier_iron":2,"upgrade_aquatic:driftwood_log":2,"minecraft:hay_block":12,"alexsmobs:emu_egg":2,"minecraft:gold_ingot":40,"croptopia:salt":9,"minecraft:iron_bars":1,"minecraft:rail":25,"minecraft:white_wool":17,"minecraft:cobblestone":107,"minecraft:enchanting_table":1,"minecraft:magma_block":1,"minecraft:feather":5,"minecraft:cooked_beef":23,"minecraft:water_bucket":6,"minecraft:flint":4,"minecraft:oak_log":20,"evilcraft:flesh_humanoid":1,"minecraft:golden_boots":1,"minecraft:gunpowder":15,"scalinghealth:heart_crystal":2,"minecraft:dirt":12,"enigmaticlegacy:common_potion":1,"minecraft:polished_granite":1,"extraweapons:iron_longsword":1,"minecraft:bone":43,"minecraft:acacia_planks":216,"minecraft:stone_bricks":1,"minecraft:wheat_seeds":101,"minecraft:creeper_spawn_egg":5,"minecraft:iron_ingot":92,"minecraft:stone_pickaxe":5,"minecraft:iron_ore":113,"minecraft:glass_bottle":29,"minecraft:powered_rail":6,"minecraft:oak_planks":81,"minecraft:dark_oak_stairs":8,"minecraft:book":18,"scalinghealth:heart_crystal_shard":4,"minecraft:emerald_block":1,"minecraft:music_disc_13":1,"minecraft:lava_bucket":4,"minecraft:white_bed":3,"minecraft:barrel":1,"enigmaticlegacy:lore_inscriber":1,"minecraft:pumpkin_seeds":6,"alexsmobs:guster_eye":5,"minecraft:iron_helmet":6,"alexsmobs:rattlesnake_rattle":1,"minecraft:granite":4,"minecraft:bread":67,"minecraft:oak_sapling":1,"minecraft:stripped_dark_oak_log":12,"minecraft:bricks":1,"minecraft:coal":676,"minecraft:ender_pearl":2},"minecraft:crafted":{"minecraft:oak_planks":28,"minecraft:iron_boots":1,"minecraft:iron_axe":1,"spartanweaponry:rapier_iron":1,"minecraft:dark_oak_planks":24,"minecraft:wheat":18,"minecraft:emerald":9,"minecraft:crafting_table":3,"minecraft:iron_helmet":2,"minecraft:iron_sword":1,"spartanweaponry:handle":1,"minecraft:bucket":1,"minecraft:bread":6,"minecraft:white_wool":8,"minecraft:iron_chestplate":2,"minecraft:shield":2,"minecraft:stick":12,"minecraft:iron_leggings":2,"firstaid:bandage":1,"minecraft:white_bed":1,"minecraft:acacia_planks":48,"minecraft:torch":48},"minecraft:killed_by":{"minecraft:player":1,"illagers_plus:furantur":3,"minecraft:creeper":2,"minecraft:enderman":1,"minecraft:iron_golem":1,"mutantbeasts:mutant_skeleton":8,"minecraft:skeleton":2,"minecraft:zombie":2,"illagers_plus:miner":1},"minecraft:mined":{"minecraft:white_bed":2,"minecraft:mossy_cobblestone":2,"minecraft:cobblestone_stairs":1,"minecraft:granite":1,"minecraft:acacia_log":19,"environmental:tall_dead_bush":1,"minecraft:spawner":3,"environmental:giant_tall_grass":110,"minecraft:hay_block":2,"minecraft:iron_ore":91,"minecraft:barrel":1,"minecraft:enchanting_table":1,"minecraft:dark_oak_stairs":1,"minecraft:bookshelf":6,"minecraft:vine":1,"minecraft:iron_bars":2,"minecraft:stone":24,"minecraft:acacia_leaves":5,"botania:lime_mystical_flower":2,"minecraft:stripped_dark_oak_log":4,"minecraft:polished_granite":1,"minecraft:crafting_table":6,"minecraft:torch":9,"minecraft:dead_bush":2,"minecraft:tall_grass":33,"minecraft:cobblestone":13,"minecraft:bricks":1,"minecraft:diorite":1,"minecraft:wall_torch":5,"minecraft:grass":114,"minecraft:coal_ore":83,"minecraft:oak_log":12,"croptopia:salt_ore":1,"minecraft:dirt":3,"minecraft:cracked_stone_bricks":1,"minecraft:cobweb":54,"upgrade_aquatic:driftwood_log":2,"minecraft:mossy_stone_bricks":1,"minecraft:oak_leaves":1,"minecraft:emerald_block":1},"minecraft:dropped":{"minecraft:water_bucket":1,"minecraft:golden_boots":3,"minecraft:bread":7,"minecraft:iron_sword":1,"minecraft:dark_oak_stairs":2,"minecraft:wheat_seeds":24,"minecraft:cooked_beef":18,"minecraft:glass_bottle":16,"minecraft:minecart":2,"minecraft:creeper_spawn_egg":1,"minecraft:iron_helmet":2,"minecraft:cobblestone":5,"scalinghealth:heart_crystal_shard":4,"alexsmobs:rattlesnake_rattle":1,"minecraft:granite":3,"extraweapons:stonemultitool":3,"minecraft:activator_rail":6,"minecraft:rail":10,"minecraft:acacia_log":6,"minecraft:flint":4,"minecraft:music_disc_13":1,"minecraft:dirt":1,"firstaid:bandage":1,"minecraft:diorite":3,"scalinghealth:heart_crystal":2,"minecraft:torch":2,"minecraft:potion":1,"minecraft:iron_leggings":3,"enigmaticlegacy:lore_inscriber":1,"minecraft:iron_shovel":1,"minecraft:string":24,"minecraft:white_wool":6,"minecraft:bucket":2,"minecraft:bone":14,"enigmaticlegacy:withered_tome":2,"minecraft:furnace":4,"minecraft:bricks":1,"upgrade_aquatic:driftwood_log":2,"minecraft:rotten_flesh":10,"enigmaticlegacy:tattered_tome":5,"evilcraft:origins_of_darkness":1,"minecraft:pumpkin_seeds":4,"enigmaticlegacy:cursed_ring":1,"minecraft:poppy":2,"minecraft:stone":15,"minecraft:shield":3,"minecraft:gunpowder":4,"minecraft:spruce_planks":6,"minecraft:iron_chestplate":1,"minecraft:chainmail_boots":1,"minecraft:chest":1,"minecraft:iron_bars":1,"minecraft:arrow":11,"minecraft:powered_rail":6,"minecraft:wooden_pickaxe":3,"minecraft:magma_block":1,"botania:lime_mystical_flower":1,"minecraft:polished_granite":1,"iceandfire:manuscript":3,"extraweapons:iron_longsword":1},"minecraft:custom":{"minecraft:mob_kills":50,"minecraft:interact_with_crafting_table":25,"minecraft:open_barrel":28,"minecraft:leave_game":4,"minecraft:time_since_death":38825,"minecraft:damage_resisted":32,"minecraft:climb_one_cm":16167,"minecraft:sprint_one_cm":515637,"minecraft:walk_one_cm":450834,"minecraft:damage_blocked_by_shield":1662,"minecraft:drop":120,"minecraft:damage_dealt_absorbed":40,"minecraft:deaths":22,"minecraft:sneak_time":6226,"minecraft:walk_under_water_one_cm":22176,"minecraft:boat_one_cm":40459,"minecraft:jump":2335,"minecraft:walk_on_water_one_cm":41009,"minecraft:tune_noteblock":3,"minecraft:play_one_minute":169014,"minecraft:sleep_in_bed":5,"minecraft:time_since_rest":35712,"minecraft:damage_taken":7835,"minecraft:trigger_trapped_chest":1,"minecraft:minecart_one_cm":803,"minecraft:damage_dealt":12612,"minecraft:swim_one_cm":4775,"minecraft:fly_one_cm":406700,"minecraft:player_kills":1,"minecraft:open_chest":65,"minecraft:crouch_one_cm":15520,"minecraft:fall_one_cm":72822}},"DataVersion":2586}