{"stats":{"minecraft:crafted":{"minecraft:oak_planks":28,"minecraft:crafting_table":1,"minecraft:bucket":1,"minecraft:white_wool":3,"minecraft:stick":8,"minecraft:white_bed":1,"minecraft:torch":32},"minecraft:dropped":{"minecraft:minecart":2,"minecraft:rotten_flesh":6,"minecraft:activator_rail":6,"minecraft:acacia_log":6,"minecraft:rail":8,"enigmaticlegacy:cursed_ring":1,"enigmaticlegacy:lore_inscriber":1,"minecraft:powered_rail":6,"minecraft:wooden_pickaxe":2},"minecraft:used":{"minecraft:water_bucket":14,"minecraft:zombie_spawn_egg":1,"minecraft:torch":16,"minecraft:dirt":3,"minecraft:crafting_table":2,"minecraft:white_bed":1,"minecraft:bread":1,"carryon:entity_item":7,"minecraft:cobblestone":13,"minecraft:bucket":14,"extraweapons:stonemultitool":174,"alexsmobs:animal_dictionary":1},"minecraft:picked_up":{"minecraft:crafting_table":2,"minecraft:wooden_pickaxe":2,"minecraft:oak_log":7,"minecraft:dirt":8,"minecraft:string":32,"minecraft:activator_rail":6,"minecraft:wheat_seeds":11,"minecraft:iron_ingot":11,"minecraft:iron_ore":25,"minecraft:minecart":2,"minecraft:powered_rail":6,"minecraft:chest":1,"minecraft:egg":2,"minecraft:stick":2,"minecraft:torch":8,"minecraft:acacia_log":12,"minecraft:white_bed":1,"enigmaticlegacy:lore_inscriber":1,"extraweapons:stonemultitool":1,"minecraft:zombie_spawn_egg":1,"minecraft:pumpkin_seeds":2,"minecraft:arrow":2,"minecraft:rotten_flesh":10,"minecraft:granite":1,"minecraft:bread":16,"minecraft:oak_sapling":1,"minecraft:coal":75,"minecraft:rail":8,"minecraft:cobblestone":24},"minecraft:killed_by":{"minecraft:player":1,"minecraft:skeleton":1,"minecraft:creeper":1,"minecraft:zombie":1,"minecraft:enderman":1,"minecraft:iron_golem":1,"mutantbeasts:mutant_skeleton":8},"minecraft:mined":{"minecraft:white_bed":1,"minecraft:crafting_table":2,"minecraft:torch":2,"minecraft:acacia_log":6,"minecraft:tall_grass":5,"minecraft:wall_torch":4,"minecraft:spawner":2,"minecraft:iron_ore":25,"minecraft:grass":82,"minecraft:oak_log":7,"minecraft:coal_ore":75,"minecraft:cobweb":35,"minecraft:stone":22},"minecraft:killed":{"minecraft:spider":1,"minecraft:zombie":1},"minecraft:custom":{"minecraft:mob_kills":2,"minecraft:interact_with_crafting_table":2,"minecraft:play_one_minute":56216,"minecraft:leave_game":1,"minecraft:time_since_death":30447,"minecraft:sleep_in_bed":1,"minecraft:time_since_rest":2789,"minecraft:sprint_one_cm":131706,"minecraft:damage_taken":3323,"minecraft:walk_one_cm":127521,"minecraft:drop":16,"minecraft:damage_dealt":555,"minecraft:swim_one_cm":213,"minecraft:fly_one_cm":101384,"minecraft:player_kills":1,"minecraft:crouch_one_cm":9319,"minecraft:deaths":14,"minecraft:sneak_time":3942,"minecraft:walk_under_water_one_cm":904,"minecraft:jump":641,"minecraft:walk_on_water_one_cm":7614,"minecraft:fall_one_cm":21758}},"DataVersion":2586}