{"stats":{"minecraft:killed":{"minecraft:cave_spider":3,"minecraft:spider":7,"environmental:yak":3,"alexsmobs:rattlesnake":1,"minecraft:skeleton":9,"illagers_plus:miner":8,"minecraft:silverfish":1,"alexsmobs:guster":1,"alexsmobs:grizzly_bear":1,"minecraft:creeper":1,"minecraft:pillager":4,"minecraft:zombie":13,"minecraft:stray":2,"illagers_plus:archer":1,"alexsmobs:roadrunner":1,"minecraft:wither_skeleton":2,"minecraft:enderman":6},"minecraft:used":{"alexsmobs:emu_egg":2,"minecraft:shield":60,"minecraft:iron_sword":36,"minecraft:zombie_spawn_egg":1,"minecraft:torch":89,"minecraft:dirt":6,"enigmaticlegacy:common_potion":1,"minecraft:dark_oak_planks":18,"minecraft:lava_bucket":2,"minecraft:iron_axe":25,"carryon:entity_item":7,"evilcraft:box_of_eternal_closure":1,"minecraft:barrel":1,"minecraft:stone_bricks":1,"extraweapons:stonemultitool":510,"minecraft:cooked_beef":4,"botania:lime_mystical_flower":1,"minecraft:water_bucket":45,"minecraft:diorite":3,"minecraft:iron_ore":46,"spartanweaponry:rapier_iron":373,"minecraft:stone_pickaxe":15,"minecraft:baked_potato":3,"minecraft:oak_planks":86,"minecraft:ender_pearl":3,"minecraft:wooden_pickaxe":4,"minecraft:white_wool":1,"minecraft:crafting_table":9,"minecraft:white_bed":3,"minecraft:creeper_spawn_egg":1,"minecraft:bread":19,"minecraft:iron_pickaxe":70,"minecraft:stone_axe":16,"minecraft:cobblestone":106,"minecraft:potion":3,"minecraft:bucket":47,"alexsmobs:animal_dictionary":1,"minecraft:air":1},"minecraft:picked_up":{"minecraft:iron_chestplate":6,"minecraft:crafting_table":7,"minecraft:chainmail_boots":1,"minecraft:wooden_pickaxe":15,"minecraft:potion":2,"enigmaticlegacy:tattered_tome":11,"minecraft:shield":8,"iceandfire:manuscript":3,"minecraft:string":140,"minecraft:iron_axe":3,"minecraft:iron_leggings":11,"minecraft:compass":4,"minecraft:activator_rail":6,"minecraft:gold_nugget":9,"minecraft:bucket":5,"minecraft:beef":7,"minecraft:iron_pickaxe":7,"minecraft:poppy":2,"minecraft:minecart":2,"minecraft:chest":2,"minecraft:egg":2,"minecraft:iron_boots":4,"minecraft:furnace":4,"minecraft:golden_helmet":3,"minecraft:stick":2,"minecraft:stone":2,"minecraft:torch":121,"evilcraft:origins_of_darkness":1,"minecraft:acacia_log":24,"minecraft:diorite":14,"enigmaticlegacy:withered_tome":2,"minecraft:dark_oak_planks":33,"extraweapons:stonemultitool":9,"minecraft:zombie_spawn_egg":1,"minecraft:tnt":285,"evilcraft:box_of_eternal_closure":1,"minecraft:arrow":56,"minecraft:rotten_flesh":14,"botania:lime_mystical_flower":2,"spartanweaponry:rapier_iron":4,"relics:spatial_sign":1,"upgrade_aquatic:driftwood_log":2,"minecraft:hay_block":12,"immersive_armors:warrior_chestplate":1,"alexsmobs:emu_egg":2,"minecraft:saddle":1,"minecraft:gold_ingot":48,"croptopia:salt":9,"minecraft:iron_bars":3,"minecraft:rail":25,"minecraft:white_wool":17,"minecraft:cobblestone":113,"minecraft:enchanting_table":2,"minecraft:magma_block":1,"minecraft:feather":5,"minecraft:cooked_beef":33,"minecraft:water_bucket":6,"minecraft:potato":1,"alexsmobs:bear_fur":2,"enigmaticlegacy:golem_heart":1,"minecraft:flint":4,"minecraft:oak_log":36,"relics:rune_of_love":3,"evilcraft:flesh_humanoid":1,"minecraft:golden_boots":2,"minecraft:gunpowder":15,"scalinghealth:heart_crystal":2,"relics:spider_necklace":1,"minecraft:dirt":12,"enigmaticlegacy:common_potion":1,"minecraft:polished_granite":1,"minecraft:name_tag":1,"extraweapons:iron_longsword":1,"minecraft:bone":69,"minecraft:acacia_planks":252,"minecraft:stone_bricks":1,"minecraft:wheat_seeds":112,"minecraft:creeper_spawn_egg":5,"minecraft:iron_ingot":146,"minecraft:stone_pickaxe":6,"minecraft:iron_ore":113,"minecraft:diamond_helmet":1,"minecraft:glass_bottle":29,"minecraft:powered_rail":6,"minecraft:oak_planks":118,"minecraft:dark_oak_stairs":8,"minecraft:book":36,"scalinghealth:heart_crystal_shard":4,"minecraft:emerald_block":1,"minecraft:music_disc_13":1,"minecraft:lava_bucket":4,"minecraft:white_bed":3,"minecraft:spider_eye":4,"minecraft:barrel":1,"enigmaticlegacy:lore_inscriber":1,"minecraft:pumpkin_seeds":6,"alexsmobs:guster_eye":5,"minecraft:stone_axe":1,"minecraft:iron_helmet":8,"alexsmobs:rattlesnake_rattle":1,"minecraft:granite":4,"environmental:yak_hair":8,"minecraft:emerald":33,"minecraft:bread":68,"minecraft:oak_sapling":1,"minecraft:stripped_dark_oak_log":12,"minecraft:bricks":1,"minecraft:coal":812,"minecraft:ender_pearl":5},"minecraft:crafted":{"minecraft:oak_planks":28,"minecraft:iron_boots":1,"minecraft:iron_axe":1,"spartanweaponry:rapier_iron":1,"minecraft:dark_oak_planks":24,"minecraft:wheat":18,"minecraft:emerald":9,"minecraft:crafting_table":3,"minecraft:iron_helmet":2,"minecraft:iron_sword":1,"spartanweaponry:handle":1,"minecraft:bucket":1,"minecraft:bread":6,"minecraft:white_wool":8,"minecraft:iron_chestplate":2,"minecraft:shield":2,"minecraft:stick":84,"minecraft:iron_leggings":2,"firstaid:bandage":1,"minecraft:white_bed":1,"minecraft:acacia_planks":48,"minecraft:torch":176},"minecraft:killed_by":{"minecraft:player":1,"minecraft:wither_skeleton":1,"illagers_plus:furantur":3,"minecraft:creeper":2,"minecraft:enderman":1,"minecraft:iron_golem":1,"mutantbeasts:mutant_skeleton":8,"minecraft:skeleton":2,"minecraft:zombie":2,"illagers_plus:miner":1},"minecraft:mined":{"minecraft:white_bed":2,"minecraft:mossy_cobblestone":2,"minecraft:cobblestone_stairs":1,"minecraft:granite":1,"minecraft:acacia_log":19,"environmental:tall_dead_bush":1,"minecraft:spawner":3,"environmental:giant_tall_grass":273,"minecraft:hay_block":2,"compactores:compactore__minecraft__coal_ore":1,"minecraft:iron_ore":91,"minecraft:barrel":1,"minecraft:enchanting_table":1,"minecraft:dark_oak_stairs":1,"minecraft:bookshelf":6,"minecraft:vine":1,"minecraft:iron_bars":4,"minecraft:stone":24,"minecraft:acacia_leaves":5,"botania:lime_mystical_flower":2,"minecraft:stripped_dark_oak_log":4,"minecraft:polished_granite":1,"minecraft:crafting_table":6,"minecraft:torch":10,"minecraft:dead_bush":2,"minecraft:tall_grass":75,"minecraft:cobblestone":13,"minecraft:bricks":2,"minecraft:oak_planks":4,"minecraft:diorite":1,"minecraft:wall_torch":6,"minecraft:grass":126,"minecraft:coal_ore":83,"minecraft:oak_log":12,"croptopia:salt_ore":1,"minecraft:dirt":3,"minecraft:cobweb":54,"minecraft:cracked_stone_bricks":1,"upgrade_aquatic:driftwood_log":2,"minecraft:mossy_stone_bricks":1,"minecraft:oak_leaves":4,"minecraft:emerald_block":1},"minecraft:dropped":{"minecraft:water_bucket":1,"minecraft:golden_boots":3,"minecraft:iron_ingot":31,"minecraft:bread":7,"minecraft:iron_sword":1,"minecraft:dark_oak_stairs":2,"minecraft:wheat_seeds":25,"minecraft:golden_helmet":2,"minecraft:cooked_beef":18,"minecraft:oak_log":16,"minecraft:glass_bottle":16,"minecraft:minecart":2,"minecraft:creeper_spawn_egg":1,"minecraft:iron_helmet":2,"minecraft:cobblestone":8,"scalinghealth:heart_crystal_shard":4,"alexsmobs:rattlesnake_rattle":1,"relics:rune_of_love":3,"minecraft:granite":3,"extraweapons:stonemultitool":3,"minecraft:activator_rail":6,"environmental:yak_hair":8,"minecraft:acacia_log":6,"minecraft:rail":10,"minecraft:coal":8,"minecraft:flint":4,"minecraft:music_disc_13":1,"minecraft:dirt":1,"firstaid:bandage":1,"minecraft:diorite":3,"scalinghealth:heart_crystal":2,"spartanweaponry:rapier_iron":1,"minecraft:torch":2,"minecraft:potion":2,"minecraft:iron_leggings":3,"enigmaticlegacy:lore_inscriber":1,"minecraft:iron_shovel":1,"minecraft:string":24,"minecraft:white_wool":6,"minecraft:bucket":2,"enigmaticlegacy:withered_tome":2,"minecraft:bone":40,"minecraft:furnace":4,"minecraft:bricks":1,"upgrade_aquatic:driftwood_log":2,"minecraft:rotten_flesh":10,"enigmaticlegacy:tattered_tome":5,"evilcraft:origins_of_darkness":1,"minecraft:pumpkin_seeds":4,"enigmaticlegacy:cursed_ring":1,"minecraft:poppy":2,"minecraft:stone":15,"minecraft:shield":3,"minecraft:gunpowder":4,"minecraft:spruce_planks":6,"minecraft:iron_chestplate":1,"minecraft:chest":1,"minecraft:chainmail_boots":1,"minecraft:spider_eye":4,"minecraft:iron_bars":1,"minecraft:arrow":11,"minecraft:powered_rail":6,"minecraft:wooden_pickaxe":3,"minecraft:magma_block":1,"botania:lime_mystical_flower":1,"minecraft:polished_granite":1,"iceandfire:manuscript":3,"extraweapons:iron_longsword":1},"minecraft:custom":{"minecraft:mob_kills":69,"minecraft:interact_with_crafting_table":25,"minecraft:open_barrel":28,"minecraft:leave_game":5,"minecraft:time_since_death":44290,"minecraft:damage_resisted":32,"minecraft:climb_one_cm":19034,"minecraft:sprint_one_cm":683532,"minecraft:walk_one_cm":542591,"minecraft:damage_blocked_by_shield":1703,"minecraft:drop":141,"minecraft:damage_dealt_absorbed":40,"minecraft:deaths":23,"minecraft:sneak_time":6653,"minecraft:walk_under_water_one_cm":24163,"minecraft:boat_one_cm":40459,"minecraft:jump":3728,"minecraft:walk_on_water_one_cm":53127,"minecraft:tune_noteblock":3,"minecraft:play_one_minute":216121,"minecraft:sleep_in_bed":5,"minecraft:time_since_rest":44357,"minecraft:damage_taken":10021,"minecraft:trigger_trapped_chest":1,"minecraft:minecart_one_cm":803,"minecraft:damage_dealt":17439,"minecraft:player_kills":1,"minecraft:swim_one_cm":19169,"minecraft:fly_one_cm":571734,"minecraft:open_chest":79,"minecraft:crouch_one_cm":17096,"minecraft:fall_one_cm":134748}},"DataVersion":2586}