{"stats":{"minecraft:crafted":{"minecraft:oak_planks":28,"minecraft:iron_boots":1,"minecraft:dark_oak_planks":24,"minecraft:crafting_table":1,"minecraft:iron_helmet":2,"minecraft:bucket":1,"minecraft:white_wool":8,"minecraft:iron_chestplate":2,"minecraft:shield":2,"minecraft:stick":8,"minecraft:iron_leggings":2,"firstaid:bandage":1,"minecraft:white_bed":1,"minecraft:acacia_planks":48,"minecraft:torch":32},"minecraft:killed_by":{"minecraft:player":1,"illagers_plus:furantur":3,"minecraft:creeper":1,"minecraft:enderman":1,"minecraft:iron_golem":1,"mutantbeasts:mutant_skeleton":8,"minecraft:skeleton":2,"minecraft:zombie":1,"illagers_plus:miner":1},"minecraft:used":{"alexsmobs:emu_egg":2,"minecraft:shield":39,"minecraft:zombie_spawn_egg":1,"minecraft:torch":26,"minecraft:dirt":5,"minecraft:lava_bucket":2,"carryon:entity_item":7,"evilcraft:box_of_eternal_closure":1,"extraweapons:stonemultitool":510,"botania:lime_mystical_flower":1,"minecraft:water_bucket":32,"minecraft:iron_ore":33,"minecraft:crafting_table":7,"minecraft:white_bed":3,"minecraft:bread":13,"minecraft:iron_pickaxe":47,"minecraft:cobblestone":37,"minecraft:bucket":34,"alexsmobs:animal_dictionary":1},"minecraft:mined":{"minecraft:white_bed":2,"minecraft:granite":1,"minecraft:acacia_log":19,"environmental:tall_dead_bush":1,"minecraft:spawner":2,"environmental:giant_tall_grass":110,"minecraft:hay_block":2,"minecraft:iron_ore":76,"minecraft:barrel":1,"minecraft:dark_oak_stairs":1,"minecraft:stone":24,"minecraft:acacia_leaves":5,"botania:lime_mystical_flower":2,"minecraft:stripped_dark_oak_log":4,"minecraft:crafting_table":6,"minecraft:torch":7,"minecraft:dead_bush":2,"minecraft:cobblestone":3,"minecraft:tall_grass":33,"minecraft:diorite":1,"minecraft:wall_torch":5,"minecraft:grass":114,"minecraft:coal_ore":83,"minecraft:oak_log":12,"croptopia:salt_ore":1,"minecraft:dirt":1,"minecraft:cobweb":54,"upgrade_aquatic:driftwood_log":2,"minecraft:oak_leaves":1},"minecraft:picked_up":{"minecraft:crafting_table":7,"minecraft:iron_chestplate":3,"minecraft:wooden_pickaxe":7,"enigmaticlegacy:tattered_tome":11,"minecraft:shield":3,"minecraft:string":112,"minecraft:iron_leggings":6,"minecraft:compass":4,"minecraft:activator_rail":6,"minecraft:gold_nugget":9,"minecraft:iron_pickaxe":3,"minecraft:minecart":2,"minecraft:chest":2,"minecraft:iron_boots":1,"minecraft:egg":2,"minecraft:stick":2,"minecraft:stone":2,"minecraft:torch":81,"minecraft:acacia_log":24,"minecraft:diorite":6,"enigmaticlegacy:withered_tome":2,"minecraft:dark_oak_planks":6,"extraweapons:stonemultitool":6,"minecraft:zombie_spawn_egg":1,"minecraft:tnt":141,"evilcraft:box_of_eternal_closure":1,"minecraft:arrow":35,"minecraft:rotten_flesh":10,"botania:lime_mystical_flower":2,"upgrade_aquatic:driftwood_log":2,"minecraft:hay_block":6,"alexsmobs:emu_egg":2,"minecraft:gold_ingot":40,"croptopia:salt":3,"minecraft:rail":25,"minecraft:white_wool":12,"minecraft:cobblestone":97,"minecraft:magma_block":1,"minecraft:water_bucket":3,"minecraft:oak_log":12,"minecraft:gunpowder":8,"scalinghealth:heart_crystal":2,"minecraft:dirt":9,"minecraft:bone":18,"minecraft:acacia_planks":144,"minecraft:wheat_seeds":35,"minecraft:creeper_spawn_egg":5,"minecraft:iron_ingot":67,"minecraft:stone_pickaxe":3,"minecraft:iron_ore":112,"minecraft:glass_bottle":8,"minecraft:powered_rail":6,"minecraft:dark_oak_stairs":8,"scalinghealth:heart_crystal_shard":4,"minecraft:lava_bucket":4,"minecraft:white_bed":3,"enigmaticlegacy:lore_inscriber":1,"minecraft:pumpkin_seeds":6,"alexsmobs:guster_eye":5,"minecraft:iron_helmet":3,"alexsmobs:rattlesnake_rattle":1,"minecraft:granite":4,"minecraft:bread":54,"minecraft:oak_sapling":1,"minecraft:stripped_dark_oak_log":12,"minecraft:coal":356},"minecraft:dropped":{"minecraft:water_bucket":1,"minecraft:dark_oak_stairs":2,"minecraft:wheat_seeds":2,"minecraft:minecart":2,"minecraft:creeper_spawn_egg":1,"minecraft:iron_helmet":1,"scalinghealth:heart_crystal_shard":4,"alexsmobs:rattlesnake_rattle":1,"minecraft:granite":3,"extraweapons:stonemultitool":1,"minecraft:activator_rail":6,"minecraft:acacia_log":6,"minecraft:rail":10,"firstaid:bandage":1,"minecraft:diorite":1,"scalinghealth:heart_crystal":2,"minecraft:iron_leggings":3,"enigmaticlegacy:lore_inscriber":1,"minecraft:white_wool":4,"enigmaticlegacy:withered_tome":2,"upgrade_aquatic:driftwood_log":2,"minecraft:rotten_flesh":6,"enigmaticlegacy:tattered_tome":5,"minecraft:pumpkin_seeds":4,"enigmaticlegacy:cursed_ring":1,"minecraft:stone":14,"minecraft:shield":1,"minecraft:gunpowder":4,"minecraft:spruce_planks":6,"minecraft:iron_chestplate":1,"minecraft:chest":1,"minecraft:arrow":11,"minecraft:powered_rail":6,"minecraft:wooden_pickaxe":2,"minecraft:magma_block":1,"botania:lime_mystical_flower":1},"minecraft:killed":{"minecraft:spider":2,"alexsmobs:rattlesnake":1,"illagers_plus:miner":8,"alexsmobs:guster":1,"minecraft:creeper":1,"minecraft:pillager":4,"minecraft:zombie":3,"illagers_plus:archer":1,"alexsmobs:roadrunner":1,"minecraft:enderman":1},"minecraft:custom":{"minecraft:mob_kills":24,"minecraft:interact_with_crafting_table":18,"minecraft:open_barrel":26,"minecraft:leave_game":1,"minecraft:time_since_death":9863,"minecraft:climb_one_cm":15132,"minecraft:sprint_one_cm":352462,"minecraft:walk_one_cm":272745,"minecraft:damage_blocked_by_shield":957,"minecraft:drop":61,"minecraft:deaths":19,"minecraft:sneak_time":5243,"minecraft:walk_under_water_one_cm":8509,"minecraft:boat_one_cm":40459,"minecraft:jump":1960,"minecraft:walk_on_water_one_cm":24806,"minecraft:tune_noteblock":2,"minecraft:play_one_minute":118862,"minecraft:sleep_in_bed":4,"minecraft:time_since_rest":199,"minecraft:damage_taken":5080,"minecraft:minecart_one_cm":803,"minecraft:damage_dealt":5659,"minecraft:swim_one_cm":3743,"minecraft:fly_one_cm":382597,"minecraft:player_kills":1,"minecraft:open_chest":15,"minecraft:crouch_one_cm":12851,"minecraft:fall_one_cm":60552}},"DataVersion":2586}