{"stats":{"minecraft:killed":{"minecraft:evoker":1,"minecraft:cave_spider":4,"minecraft:witch":2,"illagers_plus:furantur":4,"alexsmobs:raccoon":1,"minecraft:spider":6,"minecraft:skeleton":14,"illagers_plus:miner":1,"iceandfire:fire_dragon":1,"alexsmobs:grizzly_bear":1,"minecraft:pig":1,"minecraft:rabbit":4,"minecraft:sheep":1,"minecraft:zombie":17,"illagers_plus:black_iron_golem":1,"illagers_plus:archer":2,"minecraft:stray":2,"minecraft:wither_skeleton":2,"minecraft:enderman":2,"iceandfire:sea_serpent":1},"minecraft:broken":{"minecraft:golden_axe":1,"minecraft:iron_sword":2},"minecraft:used":{"minecraft:stone_sword":8,"minecraft:iron_bars":1,"minecraft:chest":5,"minecraft:shield":39,"minecraft:iron_sword":618,"minecraft:rotten_flesh":13,"travelersbackpack:bat":9,"minecraft:torch":101,"minecraft:dirt":17,"scalinghealth:heart_crystal":8,"minecraft:wooden_axe":8,"minecraft:iron_axe":5,"carryon:entity_item":7,"minecraft:quartz_block":2,"evilcraft:box_of_eternal_closure":1,"minecraft:stone_bricks":19,"carryon:tile_item":2,"minecraft:bow":8,"minecraft:furnace":2,"extraweapons:stonemultitool":420,"minecraft:egg":1,"minecraft:cooked_beef":3,"minecraft:golden_axe":1,"minecraft:cooked_mutton":3,"minecraft:water_bucket":11,"minecraft:mossy_stone_bricks":5,"minecraft:diorite":11,"iceandfire:fire_dragon_flesh":2,"minecraft:iron_ore":14,"minecraft:rabbit":1,"minecraft:stone_pickaxe":2,"minecraft:oak_planks":81,"minecraft:ender_pearl":7,"minecraft:wooden_pickaxe":29,"minecraft:diamond_axe":135,"minecraft:cookie":1,"minecraft:golden_apple":2,"minecraft:lime_bed":1,"minecraft:crafting_table":3,"minecraft:white_bed":3,"minecraft:bread":18,"minecraft:iron_pickaxe":68,"minecraft:chiseled_stone_bricks":2,"minecraft:cobblestone":57,"minecraft:potion":1,"minecraft:bucket":10,"minecraft:cooked_porkchop":1,"minecraft:pumpkin_pie":1,"minecraft:oak_boat":1,"alexsmobs:animal_dictionary":2},"minecraft:picked_up":{"endrem:magical_eye":1,"minecraft:iron_chestplate":2,"minecraft:crafting_table":3,"travelersbackpack:bat":2,"iceandfire:witherbone":1,"minecraft:wooden_pickaxe":3,"enigmaticlegacy:tattered_tome":1,"minecraft:shield":2,"minecraft:stray_spawn_egg":1,"minecraft:string":145,"minecraft:iron_axe":2,"minecraft:iron_leggings":7,"minecraft:iron_shovel":2,"minecraft:experience_bottle":10,"minecraft:cracked_stone_bricks":2,"minecraft:ender_eye":2,"minecraft:iron_nugget":5,"minecraft:iron_pickaxe":1,"minecraft:sugar_cane":2,"minecraft:chest":3,"minecraft:phantom_membrane":1,"minecraft:furnace":2,"minecraft:iron_boots":2,"minecraft:egg":1,"iceandfire:dragonbone":10,"minecraft:tipped_arrow":4,"minecraft:stick":3,"minecraft:stone":14,"minecraft:torch":9,"evilcraft:origins_of_darkness":2,"minecraft:acacia_log":6,"croptopia:olive_seed":3,"minecraft:porkchop":2,"minecraft:golden_axe":1,"minecraft:cookie":1,"minecraft:diorite":11,"enigmaticlegacy:withered_tome":1,"minecraft:redstone":3,"minecraft:stone_pressure_plate":1,"enigmaticlegacy:angel_blessing":1,"extraweapons:stonemultitool":2,"extraweapons:handle":2,"minecraft:tnt":10,"minecraft:quartz_block":4,"evilcraft:box_of_eternal_closure":2,"minecraft:arrow":201,"minecraft:stone_shovel":1,"minecraft:rotten_flesh":54,"minecraft:hay_block":11,"alexsmobs:emu_egg":2,"minecraft:totem_of_undying":2,"minecraft:saddle":1,"firstaid:bandage":1,"endrem:rogue_eye":1,"minecraft:mutton":2,"minecraft:iron_bars":12,"minecraft:white_wool":3,"minecraft:blaze_powder":5,"minecraft:cobblestone":265,"minecraft:lime_bed":2,"minecraft:magma_block":1,"minecraft:leather_chestplate":8,"minecraft:cooked_beef":5,"iceandfire:sea_serpent_fang":3,"minecraft:water_bucket":2,"minecraft:andesite":16,"minecraft:golden_leggings":2,"relics:fragrant_flower":1,"scalinghealth:bandages":4,"minecraft:oak_log":15,"relics:rune_of_love":3,"minecraft:chainmail_chestplate":1,"evilcraft:flesh_humanoid":2,"minecraft:golden_boots":2,"minecraft:cobblestone_stairs":1,"scalinghealth:heart_crystal":5,"minecraft:dirt":18,"minecraft:paper":5,"minecraft:polished_granite":1,"minecraft:name_tag":1,"minecraft:cooked_mutton":3,"minecraft:leather_boots":1,"croptopia:olive":3,"minecraft:bone":63,"minecraft:stone_bricks":7,"minecraft:bow":4,"minecraft:wheat_seeds":26,"minecraft:rabbit_hide":2,"iceandfire:fire_dragon_flesh":4,"minecraft:iron_ingot":9,"minecraft:stone_pickaxe":3,"minecraft:iron_ore":29,"scalinghealth:power_crystal_shard":7,"minecraft:mossy_stone_bricks":9,"minecraft:rabbit":1,"minecraft:glass_bottle":4,"minecraft:iron_sword":7,"minecraft:oak_planks":9,"minecraft:book":6,"endrem:witch_pupil":1,"scalinghealth:heart_crystal_shard":9,"minecraft:chiseled_stone_bricks":2,"minecraft:gravel":24,"iceandfire:dragon_skull_fire":1,"enigmaticlegacy:enigmatic_amulet":1,"iceandfire:stymphalian_bird_feather":7,"minecraft:white_bed":3,"minecraft:spider_eye":14,"alexsmobs:animal_dictionary":1,"minecraft:mossy_cobblestone":5,"enigmaticlegacy:lore_inscriber":1,"minecraft:skeleton_spawn_egg":1,"minecraft:slime_ball":4,"minecraft:stone_axe":1,"iceandfire:sea_serpent_scales_red":6,"minecraft:iron_helmet":4,"minecraft:granite":4,"minecraft:diamond_axe":4,"minecraft:emerald":45,"minecraft:bread":3,"minecraft:oak_sapling":2,"minecraft:bricks":3,"minecraft:coal":189,"minecraft:ender_pearl":5},"minecraft:crafted":{"minecraft:oak_planks":60,"minecraft:stone_shovel":2,"minecraft:furnace":1,"extraweapons:stonemultitool":2,"minecraft:stone_pickaxe":2,"minecraft:chest":2,"minecraft:stone_hoe":2,"minecraft:wheat":99,"minecraft:crafting_table":2,"minecraft:wooden_pickaxe":1,"minecraft:stone_axe":2,"minecraft:bread":33,"minecraft:oak_boat":1,"minecraft:stick":36,"minecraft:wooden_axe":1,"minecraft:stone_sword":2,"minecraft:torch":64,"minecraft:acacia_planks":24},"minecraft:killed_by":{"minecraft:player":1,"minecraft:iron_golem":4,"mutantbeasts:mutant_skeleton":6,"minecraft:skeleton":1,"minecraft:zombie":1},"minecraft:mined":{"minecraft:dark_oak_planks":2,"minecraft:white_bed":3,"minecraft:mossy_cobblestone":5,"minecraft:granite":4,"minecraft:dark_oak_fence":3,"minecraft:grass_block":12,"minecraft:chiseled_stone_bricks":2,"minecraft:spawner":16,"environmental:giant_tall_grass":10,"minecraft:hay_block":11,"travelersbackpack:bat":1,"minecraft:magma_block":1,"compactores:compactore__minecraft__coal_ore":1,"minecraft:furnace":2,"minecraft:fire":1,"minecraft:iron_ore":21,"evilcraft:box_of_eternal_closure":2,"minecraft:andesite":16,"minecraft:dark_oak_stairs":2,"minecraft:bookshelf":2,"minecraft:vine":9,"minecraft:iron_bars":11,"minecraft:stone":220,"minecraft:quartz_block":2,"minecraft:polished_granite":1,"minecraft:crafting_table":2,"minecraft:torch":3,"minecraft:chest":2,"minecraft:dead_bush":1,"minecraft:tall_grass":2,"minecraft:cobblestone":9,"minecraft:iron_door":1,"minecraft:oak_planks":10,"minecraft:sugar_cane":3,"minecraft:bricks":3,"minecraft:wall_torch":2,"minecraft:diorite":11,"croptopia:olive_crop":1,"minecraft:lime_bed":2,"minecraft:grass":19,"minecraft:coal_ore":84,"minecraft:oak_log":15,"minecraft:gravel":6,"minecraft:dirt":16,"minecraft:cobweb":7,"minecraft:cracked_stone_bricks":1,"minecraft:stone_bricks":5,"minecraft:mossy_stone_bricks":4,"minecraft:oak_leaves":6},"minecraft:dropped":{"minecraft:golden_boots":1,"minecraft:bread":16,"minecraft:iron_sword":1,"minecraft:diamond_axe":3,"minecraft:wheat_seeds":16,"minecraft:cooked_beef":5,"minecraft:tnt":64,"minecraft:glass_bottle":1,"endrem:witch_pupil":1,"minecraft:crafting_table":1,"minecraft:cooked_porkchop":2,"minecraft:iron_helmet":2,"minecraft:cobblestone":55,"extraweapons:stonemultitool":3,"minecraft:cracked_stone_bricks":2,"minecraft:saddle":1,"croptopia:olive":2,"immersive_armors:warrior_chestplate":1,"minecraft:coal":71,"minecraft:stick":3,"minecraft:dirt":1,"iceandfire:sea_serpent_scales_red":6,"artifacts:superstitious_hat":1,"minecraft:torch":2,"minecraft:iron_leggings":6,"minecraft:phantom_membrane":1,"enigmaticlegacy:lore_inscriber":2,"minecraft:iron_axe":1,"minecraft:iron_pickaxe":1,"minecraft:paper":5,"minecraft:string":145,"minecraft:redstone":3,"enigmaticlegacy:withered_tome":1,"minecraft:bone":5,"iceandfire:stymphalian_bird_feather":7,"alexsmobs:animal_dictionary":1,"endrem:rogue_eye":2,"evilcraft:box_of_eternal_closure":1,"minecraft:rotten_flesh":2,"minecraft:oak_planks":33,"minecraft:iron_boots":3,"enigmaticlegacy:tattered_tome":4,"minecraft:name_tag":1,"evilcraft:origins_of_darkness":2,"minecraft:stray_spawn_egg":1,"evilcraft:flesh_humanoid":2,"minecraft:chainmail_chestplate":1,"minecraft:rabbit_hide":2,"minecraft:leather_chestplate":7,"minecraft:tipped_arrow":1,"minecraft:shield":2,"minecraft:iron_chestplate":1,"minecraft:quartz_block":2,"minecraft:mossy_stone_bricks":2,"minecraft:leather_boots":1,"minecraft:golden_leggings":1,"minecraft:spider_eye":7,"iceandfire:sea_serpent_fang":3,"minecraft:slime_ball":4,"minecraft:iron_ore":8,"minecraft:bow":2,"minecraft:stone_pickaxe":2,"minecraft:wooden_pickaxe":2,"minecraft:magma_block":1,"extraweapons:handle":1,"scalinghealth:bandages":2,"enigmaticlegacy:angel_blessing":1,"minecraft:egg":2},"minecraft:custom":{"minecraft:mob_kills":72,"minecraft:interact_with_crafting_table":14,"minecraft:open_barrel":16,"minecraft:leave_game":11,"minecraft:time_since_death":192454,"minecraft:climb_one_cm":17201,"minecraft:sprint_one_cm":517166,"minecraft:walk_one_cm":621258,"minecraft:damage_blocked_by_shield":1444,"minecraft:drop":109,"minecraft:damage_dealt_absorbed":63,"minecraft:talked_to_villager":2,"minecraft:sneak_time":22566,"minecraft:deaths":13,"minecraft:walk_under_water_one_cm":16365,"minecraft:boat_one_cm":41368,"minecraft:jump":3930,"minecraft:walk_on_water_one_cm":41593,"minecraft:play_one_minute":244523,"minecraft:sleep_in_bed":2,"minecraft:time_since_rest":121089,"minecraft:damage_taken":3127,"minecraft:damage_dealt":18205,"minecraft:swim_one_cm":29032,"minecraft:fly_one_cm":1238299,"minecraft:open_chest":117,"minecraft:crouch_one_cm":75468,"minecraft:fall_one_cm":279276}},"DataVersion":2586}