{"stats":{"minecraft:crafted":{"minecraft:oak_planks":40,"minecraft:stone_shovel":2,"minecraft:crafting_table":1,"minecraft:wooden_pickaxe":1,"minecraft:furnace":1,"minecraft:stone_axe":2,"minecraft:bread":33,"extraweapons:stonemultitool":2,"minecraft:stick":36,"minecraft:stone_sword":2,"minecraft:stone_pickaxe":2,"minecraft:wooden_axe":1,"minecraft:torch":36,"minecraft:stone_hoe":2,"minecraft:wheat":99},"minecraft:dropped":{"minecraft:bread":16,"extraweapons:stonemultitool":2,"enigmaticlegacy:lore_inscriber":1,"minecraft:iron_ore":8},"minecraft:used":{"minecraft:stone_sword":8,"minecraft:chest":1,"minecraft:wooden_pickaxe":19,"minecraft:torch":25,"minecraft:dirt":3,"minecraft:crafting_table":2,"minecraft:wooden_axe":8,"minecraft:bread":2,"carryon:entity_item":7,"minecraft:cobblestone":5,"minecraft:furnace":2,"extraweapons:stonemultitool":326,"alexsmobs:animal_dictionary":2},"minecraft:picked_up":{"minecraft:crafting_table":1,"minecraft:andesite":4,"minecraft:oak_log":15,"minecraft:dirt":15,"minecraft:string":7,"minecraft:wheat_seeds":3,"minecraft:iron_ore":27,"minecraft:chest":1,"minecraft:egg":1,"minecraft:furnace":1,"minecraft:torch":2,"minecraft:gravel":1,"minecraft:porkchop":2,"minecraft:diorite":10,"alexsmobs:animal_dictionary":1,"enigmaticlegacy:lore_inscriber":1,"extraweapons:stonemultitool":1,"minecraft:rotten_flesh":1,"minecraft:hay_block":11,"minecraft:granite":4,"minecraft:oak_sapling":2,"minecraft:mutton":2,"minecraft:coal":114,"minecraft:cobblestone":197,"minecraft:white_wool":1},"minecraft:mined":{"minecraft:crafting_table":1,"minecraft:torch":2,"minecraft:granite":4,"minecraft:grass_block":10,"minecraft:chest":1,"minecraft:cobblestone":1,"minecraft:diorite":10,"minecraft:spawner":2,"minecraft:hay_block":11,"minecraft:furnace":1,"minecraft:iron_ore":19,"minecraft:andesite":4,"minecraft:grass":10,"minecraft:oak_log":15,"minecraft:coal_ore":84,"minecraft:gravel":1,"minecraft:dirt":13,"minecraft:cobweb":7,"minecraft:stone":198,"minecraft:oak_leaves":5},"minecraft:killed_by":{"minecraft:player":1,"minecraft:skeleton":1,"minecraft:zombie":1,"minecraft:iron_golem":4,"mutantbeasts:mutant_skeleton":6},"minecraft:killed":{"minecraft:pig":1,"minecraft:sheep":1,"minecraft:zombie":1},"minecraft:custom":{"minecraft:mob_kills":3,"minecraft:interact_with_crafting_table":10,"minecraft:play_one_minute":55895,"minecraft:leave_game":5,"minecraft:time_since_death":3826,"minecraft:time_since_rest":3855,"minecraft:sprint_one_cm":128892,"minecraft:damage_taken":2650,"minecraft:walk_one_cm":110980,"minecraft:drop":5,"minecraft:damage_dealt":361,"minecraft:talked_to_villager":2,"minecraft:fly_one_cm":156096,"minecraft:open_chest":6,"minecraft:crouch_one_cm":17706,"minecraft:deaths":13,"minecraft:sneak_time":5809,"minecraft:jump":777,"minecraft:fall_one_cm":15158}},"DataVersion":2586}