{"stats":{"minecraft:killed":{"minecraft:cave_spider":4,"illagers_plus:furantur":1,"alexsmobs:raccoon":1,"minecraft:spider":6,"minecraft:skeleton":14,"illagers_plus:miner":1,"minecraft:pig":1,"minecraft:rabbit":4,"minecraft:sheep":1,"minecraft:zombie":17,"minecraft:stray":2,"minecraft:wither_skeleton":2,"iceandfire:sea_serpent":1,"minecraft:enderman":2},"minecraft:broken":{"minecraft:golden_axe":1,"minecraft:iron_sword":2},"minecraft:used":{"minecraft:stone_sword":8,"minecraft:iron_bars":1,"minecraft:chest":5,"minecraft:shield":39,"minecraft:iron_sword":462,"travelersbackpack:bat":9,"minecraft:torch":101,"minecraft:dirt":17,"scalinghealth:heart_crystal":7,"minecraft:wooden_axe":8,"minecraft:iron_axe":5,"minecraft:quartz_block":2,"carryon:entity_item":7,"minecraft:stone_bricks":19,"carryon:tile_item":2,"minecraft:bow":8,"minecraft:furnace":2,"extraweapons:stonemultitool":420,"minecraft:egg":1,"minecraft:cooked_beef":3,"minecraft:golden_axe":1,"minecraft:cooked_mutton":1,"minecraft:mossy_stone_bricks":5,"minecraft:water_bucket":11,"minecraft:diorite":11,"minecraft:iron_ore":14,"minecraft:stone_pickaxe":2,"minecraft:oak_planks":81,"minecraft:ender_pearl":1,"minecraft:wooden_pickaxe":29,"minecraft:diamond_axe":66,"minecraft:cookie":1,"minecraft:golden_apple":1,"minecraft:crafting_table":3,"minecraft:lime_bed":1,"minecraft:white_bed":3,"minecraft:bread":18,"minecraft:iron_pickaxe":61,"minecraft:chiseled_stone_bricks":2,"minecraft:cobblestone":57,"minecraft:potion":1,"minecraft:cooked_porkchop":1,"minecraft:bucket":10,"minecraft:pumpkin_pie":1,"minecraft:oak_boat":1,"alexsmobs:animal_dictionary":2},"minecraft:picked_up":{"minecraft:crafting_table":3,"minecraft:iron_chestplate":2,"travelersbackpack:bat":2,"iceandfire:witherbone":1,"minecraft:wooden_pickaxe":2,"enigmaticlegacy:tattered_tome":1,"minecraft:shield":2,"minecraft:stray_spawn_egg":1,"minecraft:string":145,"minecraft:iron_axe":2,"minecraft:iron_leggings":7,"minecraft:iron_shovel":2,"minecraft:cracked_stone_bricks":2,"minecraft:ender_eye":2,"minecraft:iron_nugget":5,"minecraft:iron_pickaxe":1,"minecraft:sugar_cane":2,"minecraft:chest":3,"minecraft:iron_boots":2,"minecraft:furnace":2,"minecraft:egg":1,"minecraft:tipped_arrow":4,"minecraft:stone":14,"evilcraft:origins_of_darkness":2,"minecraft:torch":9,"minecraft:acacia_log":6,"minecraft:porkchop":2,"croptopia:olive_seed":3,"minecraft:golden_axe":1,"minecraft:cookie":1,"minecraft:diorite":11,"enigmaticlegacy:withered_tome":1,"minecraft:stone_pressure_plate":1,"extraweapons:stonemultitool":2,"extraweapons:handle":2,"minecraft:quartz_block":4,"evilcraft:box_of_eternal_closure":1,"minecraft:arrow":164,"minecraft:rotten_flesh":54,"minecraft:stone_shovel":1,"minecraft:hay_block":11,"alexsmobs:emu_egg":2,"firstaid:bandage":1,"minecraft:blaze_powder":5,"minecraft:mutton":2,"minecraft:iron_bars":12,"minecraft:cobblestone":265,"minecraft:white_wool":3,"minecraft:lime_bed":2,"minecraft:magma_block":1,"minecraft:leather_chestplate":7,"minecraft:cooked_beef":5,"iceandfire:sea_serpent_fang":3,"minecraft:water_bucket":2,"minecraft:andesite":16,"minecraft:golden_leggings":2,"relics:rune_of_love":3,"minecraft:chainmail_chestplate":1,"evilcraft:flesh_humanoid":2,"minecraft:oak_log":15,"scalinghealth:bandages":4,"minecraft:golden_boots":2,"minecraft:cobblestone_stairs":1,"scalinghealth:heart_crystal":4,"minecraft:paper":5,"minecraft:dirt":17,"minecraft:polished_granite":1,"minecraft:name_tag":1,"minecraft:leather_boots":1,"minecraft:cooked_mutton":3,"croptopia:olive":3,"minecraft:bone":63,"minecraft:stone_bricks":7,"minecraft:bow":4,"minecraft:wheat_seeds":26,"minecraft:rabbit_hide":2,"minecraft:iron_ingot":9,"minecraft:stone_pickaxe":3,"minecraft:iron_ore":29,"minecraft:rabbit":1,"scalinghealth:power_crystal_shard":7,"minecraft:mossy_stone_bricks":9,"minecraft:glass_bottle":2,"minecraft:iron_sword":7,"minecraft:oak_planks":9,"minecraft:book":6,"scalinghealth:heart_crystal_shard":9,"minecraft:chiseled_stone_bricks":2,"minecraft:gravel":24,"enigmaticlegacy:enigmatic_amulet":1,"minecraft:white_bed":3,"minecraft:spider_eye":14,"alexsmobs:animal_dictionary":1,"minecraft:mossy_cobblestone":5,"enigmaticlegacy:lore_inscriber":1,"minecraft:skeleton_spawn_egg":1,"minecraft:slime_ball":4,"iceandfire:sea_serpent_scales_red":6,"minecraft:stone_axe":1,"minecraft:diamond_axe":2,"minecraft:iron_helmet":4,"minecraft:granite":4,"minecraft:bread":3,"minecraft:oak_sapling":2,"minecraft:bricks":3,"minecraft:coal":189,"minecraft:ender_pearl":5},"minecraft:crafted":{"minecraft:oak_planks":60,"minecraft:stone_shovel":2,"minecraft:furnace":1,"extraweapons:stonemultitool":2,"minecraft:stone_pickaxe":2,"minecraft:chest":2,"minecraft:stone_hoe":2,"minecraft:wheat":99,"minecraft:crafting_table":2,"minecraft:wooden_pickaxe":1,"minecraft:stone_axe":2,"minecraft:bread":33,"minecraft:oak_boat":1,"minecraft:stick":36,"minecraft:wooden_axe":1,"minecraft:stone_sword":2,"minecraft:acacia_planks":24,"minecraft:torch":64},"minecraft:killed_by":{"minecraft:player":1,"minecraft:iron_golem":4,"mutantbeasts:mutant_skeleton":6,"minecraft:skeleton":1,"minecraft:zombie":1},"minecraft:mined":{"minecraft:dark_oak_planks":2,"minecraft:white_bed":3,"minecraft:mossy_cobblestone":5,"minecraft:dark_oak_fence":3,"minecraft:granite":4,"minecraft:grass_block":11,"minecraft:chiseled_stone_bricks":2,"minecraft:spawner":15,"environmental:giant_tall_grass":4,"minecraft:hay_block":11,"travelersbackpack:bat":1,"minecraft:magma_block":1,"compactores:compactore__minecraft__coal_ore":1,"minecraft:furnace":2,"minecraft:iron_ore":21,"evilcraft:box_of_eternal_closure":1,"minecraft:andesite":16,"minecraft:dark_oak_stairs":2,"minecraft:bookshelf":2,"minecraft:vine":5,"minecraft:iron_bars":11,"minecraft:stone":220,"minecraft:quartz_block":2,"minecraft:polished_granite":1,"minecraft:crafting_table":2,"minecraft:torch":3,"minecraft:chest":2,"minecraft:dead_bush":1,"minecraft:tall_grass":2,"minecraft:cobblestone":9,"minecraft:iron_door":1,"minecraft:sugar_cane":3,"minecraft:oak_planks":10,"minecraft:bricks":3,"minecraft:diorite":11,"croptopia:olive_crop":1,"minecraft:wall_torch":2,"minecraft:lime_bed":2,"minecraft:grass":16,"minecraft:oak_log":15,"minecraft:coal_ore":84,"minecraft:gravel":6,"minecraft:dirt":16,"minecraft:cobweb":7,"minecraft:cracked_stone_bricks":1,"minecraft:stone_bricks":5,"minecraft:mossy_stone_bricks":4,"minecraft:oak_leaves":5},"minecraft:dropped":{"minecraft:golden_boots":1,"minecraft:bread":16,"minecraft:iron_sword":1,"minecraft:wheat_seeds":16,"minecraft:cooked_beef":5,"minecraft:glass_bottle":1,"minecraft:crafting_table":1,"minecraft:cooked_porkchop":2,"minecraft:iron_helmet":2,"minecraft:cobblestone":55,"extraweapons:stonemultitool":3,"minecraft:cracked_stone_bricks":2,"croptopia:olive":2,"immersive_armors:warrior_chestplate":1,"minecraft:coal":68,"minecraft:torch":2,"minecraft:iron_leggings":6,"enigmaticlegacy:lore_inscriber":2,"minecraft:iron_axe":1,"minecraft:iron_pickaxe":1,"minecraft:paper":5,"minecraft:string":145,"enigmaticlegacy:withered_tome":1,"minecraft:bone":5,"alexsmobs:animal_dictionary":1,"evilcraft:box_of_eternal_closure":1,"minecraft:rotten_flesh":1,"minecraft:iron_boots":3,"minecraft:oak_planks":33,"enigmaticlegacy:tattered_tome":4,"minecraft:name_tag":1,"evilcraft:origins_of_darkness":2,"evilcraft:flesh_humanoid":2,"minecraft:chainmail_chestplate":1,"minecraft:rabbit_hide":2,"minecraft:leather_chestplate":5,"minecraft:tipped_arrow":1,"minecraft:shield":2,"minecraft:iron_chestplate":1,"minecraft:quartz_block":2,"minecraft:mossy_stone_bricks":2,"minecraft:leather_boots":1,"minecraft:golden_leggings":1,"minecraft:spider_eye":7,"minecraft:slime_ball":4,"minecraft:iron_ore":8,"minecraft:bow":2,"minecraft:wooden_pickaxe":1,"minecraft:stone_pickaxe":2,"minecraft:magma_block":1,"extraweapons:handle":1,"scalinghealth:bandages":2,"minecraft:egg":2},"minecraft:custom":{"minecraft:mob_kills":65,"minecraft:interact_with_crafting_table":14,"minecraft:open_barrel":16,"minecraft:leave_game":10,"minecraft:time_since_death":141610,"minecraft:climb_one_cm":14027,"minecraft:sprint_one_cm":410739,"minecraft:walk_one_cm":513379,"minecraft:damage_blocked_by_shield":1444,"minecraft:drop":87,"minecraft:damage_dealt_absorbed":63,"minecraft:talked_to_villager":2,"minecraft:deaths":13,"minecraft:sneak_time":21117,"minecraft:walk_under_water_one_cm":15753,"minecraft:boat_one_cm":41368,"minecraft:jump":2880,"minecraft:walk_on_water_one_cm":32566,"minecraft:play_one_minute":193679,"minecraft:sleep_in_bed":2,"minecraft:time_since_rest":70245,"minecraft:damage_taken":3050,"minecraft:damage_dealt":12770,"minecraft:swim_one_cm":24009,"minecraft:fly_one_cm":835560,"minecraft:open_chest":102,"minecraft:crouch_one_cm":71467,"minecraft:fall_one_cm":173773}},"DataVersion":2586}