{"stats":{"minecraft:crafted":{"minecraft:oak_planks":60,"minecraft:stone_shovel":2,"minecraft:crafting_table":2,"minecraft:wooden_pickaxe":1,"minecraft:furnace":1,"minecraft:stone_axe":2,"minecraft:bread":33,"minecraft:oak_boat":1,"extraweapons:stonemultitool":2,"minecraft:stick":36,"minecraft:stone_sword":2,"minecraft:stone_pickaxe":2,"minecraft:wooden_axe":1,"minecraft:acacia_planks":4,"minecraft:torch":36,"minecraft:stone_hoe":2,"minecraft:wheat":99},"minecraft:killed_by":{"minecraft:player":1,"minecraft:skeleton":1,"minecraft:zombie":1,"minecraft:iron_golem":4,"mutantbeasts:mutant_skeleton":6},"minecraft:used":{"minecraft:water_bucket":7,"minecraft:iron_ore":14,"minecraft:stone_sword":8,"minecraft:stone_pickaxe":2,"minecraft:oak_planks":13,"minecraft:shield":9,"minecraft:chest":1,"minecraft:wooden_pickaxe":19,"travelersbackpack:bat":2,"minecraft:torch":40,"minecraft:golden_apple":1,"minecraft:dirt":5,"scalinghealth:heart_crystal":4,"minecraft:crafting_table":3,"minecraft:white_bed":3,"minecraft:wooden_axe":8,"minecraft:iron_pickaxe":1,"minecraft:bread":13,"carryon:entity_item":7,"carryon:tile_item":2,"minecraft:cobblestone":51,"minecraft:furnace":2,"minecraft:bucket":7,"extraweapons:stonemultitool":364,"minecraft:oak_boat":1,"alexsmobs:animal_dictionary":2},"minecraft:mined":{"minecraft:dark_oak_planks":1,"minecraft:white_bed":3,"minecraft:crafting_table":2,"minecraft:torch":2,"minecraft:granite":4,"minecraft:grass_block":10,"minecraft:chest":2,"minecraft:cobblestone":4,"minecraft:oak_planks":1,"minecraft:sugar_cane":3,"minecraft:diorite":10,"croptopia:olive_crop":1,"minecraft:spawner":2,"minecraft:hay_block":11,"travelersbackpack:bat":1,"minecraft:magma_block":1,"compactores:compactore__minecraft__coal_ore":1,"minecraft:furnace":2,"minecraft:iron_ore":21,"evilcraft:box_of_eternal_closure":1,"minecraft:andesite":4,"minecraft:dark_oak_stairs":2,"minecraft:grass":15,"minecraft:oak_log":15,"minecraft:coal_ore":84,"minecraft:gravel":1,"minecraft:dirt":15,"minecraft:cobweb":7,"minecraft:stone":203,"minecraft:oak_leaves":5},"minecraft:dropped":{"minecraft:bread":16,"minecraft:wheat_seeds":9,"alexsmobs:animal_dictionary":1,"minecraft:crafting_table":1,"minecraft:cobblestone":55,"evilcraft:box_of_eternal_closure":1,"enigmaticlegacy:tattered_tome":4,"extraweapons:stonemultitool":3,"minecraft:name_tag":1,"croptopia:olive":2,"minecraft:torch":2,"enigmaticlegacy:lore_inscriber":1,"minecraft:iron_ore":8,"minecraft:stone_pickaxe":2,"minecraft:magma_block":1,"minecraft:string":14,"minecraft:egg":2,"enigmaticlegacy:withered_tome":1},"minecraft:picked_up":{"minecraft:magma_block":1,"minecraft:iron_chestplate":1,"minecraft:crafting_table":3,"travelersbackpack:bat":1,"minecraft:water_bucket":1,"minecraft:andesite":4,"enigmaticlegacy:tattered_tome":1,"minecraft:oak_log":15,"minecraft:shield":1,"scalinghealth:heart_crystal":2,"minecraft:dirt":17,"minecraft:string":21,"minecraft:name_tag":1,"minecraft:iron_leggings":1,"croptopia:olive":3,"minecraft:wheat_seeds":19,"minecraft:stone_pickaxe":3,"minecraft:iron_ingot":9,"scalinghealth:power_crystal_shard":7,"minecraft:iron_ore":29,"minecraft:iron_nugget":5,"minecraft:sugar_cane":2,"minecraft:chest":3,"minecraft:oak_planks":1,"minecraft:egg":1,"minecraft:furnace":2,"minecraft:stone":14,"minecraft:torch":2,"minecraft:acacia_log":6,"minecraft:gravel":17,"minecraft:porkchop":2,"croptopia:olive_seed":3,"enigmaticlegacy:enigmatic_amulet":1,"enigmaticlegacy:withered_tome":1,"minecraft:diorite":10,"minecraft:white_bed":3,"alexsmobs:animal_dictionary":1,"enigmaticlegacy:lore_inscriber":1,"extraweapons:stonemultitool":2,"evilcraft:box_of_eternal_closure":1,"minecraft:rotten_flesh":1,"minecraft:iron_helmet":1,"minecraft:hay_block":11,"minecraft:granite":4,"alexsmobs:emu_egg":2,"firstaid:bandage":1,"minecraft:oak_sapling":2,"minecraft:mutton":2,"minecraft:coal":118,"minecraft:white_wool":1,"minecraft:cobblestone":200},"minecraft:killed":{"minecraft:pig":1,"illagers_plus:furantur":1,"minecraft:sheep":1,"illagers_plus:miner":1,"minecraft:zombie":2},"minecraft:custom":{"minecraft:mob_kills":5,"minecraft:interact_with_crafting_table":11,"minecraft:open_barrel":14,"minecraft:play_one_minute":113313,"minecraft:leave_game":6,"minecraft:time_since_death":61244,"minecraft:sleep_in_bed":1,"minecraft:climb_one_cm":6903,"minecraft:time_since_rest":320,"minecraft:sprint_one_cm":243106,"minecraft:damage_taken":2776,"minecraft:walk_one_cm":240235,"minecraft:damage_blocked_by_shield":286,"minecraft:drop":26,"minecraft:damage_dealt":815,"minecraft:swim_one_cm":4898,"minecraft:talked_to_villager":2,"minecraft:fly_one_cm":504489,"minecraft:open_chest":24,"minecraft:crouch_one_cm":35464,"minecraft:deaths":13,"minecraft:sneak_time":11705,"minecraft:walk_under_water_one_cm":8743,"minecraft:boat_one_cm":41368,"minecraft:jump":1754,"minecraft:walk_on_water_one_cm":14909,"minecraft:fall_one_cm":103197}},"DataVersion":2586}