{"stats":{"minecraft:killed_by":{"minecraft:player":1,"minecraft:iron_golem":4,"mutantbeasts:mutant_skeleton":6,"minecraft:skeleton":1,"minecraft:zombie":1},"minecraft:picked_up":{"minecraft:crafting_table":3,"minecraft:iron_chestplate":1,"travelersbackpack:bat":2,"enigmaticlegacy:tattered_tome":1,"minecraft:shield":2,"minecraft:string":130,"minecraft:iron_leggings":1,"minecraft:iron_shovel":2,"minecraft:ender_eye":2,"minecraft:iron_nugget":5,"minecraft:iron_pickaxe":1,"minecraft:sugar_cane":2,"minecraft:chest":3,"minecraft:egg":1,"minecraft:furnace":2,"minecraft:stone":14,"minecraft:torch":6,"minecraft:acacia_log":6,"croptopia:olive_seed":3,"minecraft:porkchop":2,"minecraft:diorite":11,"enigmaticlegacy:withered_tome":1,"extraweapons:stonemultitool":2,"evilcraft:box_of_eternal_closure":1,"minecraft:arrow":7,"minecraft:stone_shovel":1,"minecraft:rotten_flesh":21,"minecraft:hay_block":11,"alexsmobs:emu_egg":2,"firstaid:bandage":1,"minecraft:mutton":2,"minecraft:iron_bars":11,"minecraft:cobblestone":209,"minecraft:white_wool":1,"minecraft:lime_bed":1,"minecraft:magma_block":1,"minecraft:leather_chestplate":1,"minecraft:water_bucket":1,"minecraft:andesite":16,"minecraft:oak_log":15,"scalinghealth:bandages":2,"scalinghealth:heart_crystal":2,"minecraft:dirt":17,"minecraft:polished_granite":1,"minecraft:name_tag":1,"croptopia:olive":3,"minecraft:bone":2,"minecraft:stone_bricks":5,"minecraft:wheat_seeds":19,"minecraft:iron_ingot":9,"minecraft:stone_pickaxe":3,"minecraft:iron_ore":29,"scalinghealth:power_crystal_shard":7,"minecraft:oak_planks":5,"minecraft:iron_sword":3,"minecraft:book":6,"scalinghealth:heart_crystal_shard":9,"minecraft:gravel":22,"enigmaticlegacy:enigmatic_amulet":1,"minecraft:white_bed":3,"minecraft:spider_eye":10,"alexsmobs:animal_dictionary":1,"enigmaticlegacy:lore_inscriber":1,"minecraft:slime_ball":2,"minecraft:iron_helmet":1,"minecraft:granite":4,"minecraft:bread":3,"minecraft:oak_sapling":2,"minecraft:bricks":3,"minecraft:coal":118,"minecraft:ender_pearl":3},"minecraft:dropped":{"minecraft:bread":16,"minecraft:wheat_seeds":9,"minecraft:crafting_table":1,"minecraft:cobblestone":55,"extraweapons:stonemultitool":3,"croptopia:olive":2,"minecraft:torch":2,"enigmaticlegacy:lore_inscriber":1,"minecraft:string":14,"enigmaticlegacy:withered_tome":1,"alexsmobs:animal_dictionary":1,"evilcraft:box_of_eternal_closure":1,"minecraft:oak_planks":32,"enigmaticlegacy:tattered_tome":4,"minecraft:name_tag":1,"minecraft:shield":2,"minecraft:iron_ore":8,"minecraft:wooden_pickaxe":1,"minecraft:stone_pickaxe":2,"minecraft:magma_block":1,"minecraft:egg":2},"minecraft:used":{"minecraft:iron_bars":1,"minecraft:stone_sword":8,"minecraft:chest":5,"minecraft:shield":9,"minecraft:iron_sword":223,"travelersbackpack:bat":6,"minecraft:torch":73,"minecraft:dirt":17,"scalinghealth:heart_crystal":5,"minecraft:wooden_axe":8,"carryon:entity_item":7,"minecraft:stone_bricks":19,"carryon:tile_item":2,"minecraft:furnace":2,"extraweapons:stonemultitool":394,"minecraft:egg":1,"minecraft:cooked_beef":2,"minecraft:water_bucket":11,"minecraft:diorite":11,"minecraft:iron_ore":14,"minecraft:stone_pickaxe":2,"minecraft:oak_planks":39,"minecraft:wooden_pickaxe":19,"minecraft:golden_apple":1,"minecraft:crafting_table":3,"minecraft:lime_bed":1,"minecraft:white_bed":3,"minecraft:bread":13,"minecraft:iron_pickaxe":34,"minecraft:cobblestone":51,"minecraft:bucket":10,"minecraft:pumpkin_pie":1,"alexsmobs:animal_dictionary":2,"minecraft:oak_boat":1},"minecraft:mined":{"minecraft:dark_oak_planks":1,"minecraft:white_bed":3,"minecraft:granite":4,"minecraft:grass_block":10,"minecraft:spawner":11,"minecraft:hay_block":11,"travelersbackpack:bat":1,"minecraft:magma_block":1,"compactores:compactore__minecraft__coal_ore":1,"minecraft:furnace":2,"minecraft:iron_ore":21,"evilcraft:box_of_eternal_closure":1,"minecraft:andesite":16,"minecraft:dark_oak_stairs":2,"minecraft:bookshelf":2,"minecraft:iron_bars":10,"minecraft:stone":209,"minecraft:polished_granite":1,"minecraft:crafting_table":2,"minecraft:torch":2,"minecraft:chest":2,"minecraft:cobblestone":7,"minecraft:sugar_cane":3,"minecraft:oak_planks":5,"minecraft:bricks":3,"minecraft:wall_torch":1,"minecraft:diorite":11,"croptopia:olive_crop":1,"minecraft:lime_bed":1,"minecraft:grass":15,"minecraft:oak_log":15,"minecraft:coal_ore":84,"minecraft:gravel":6,"minecraft:dirt":15,"minecraft:cobweb":7,"minecraft:stone_bricks":5,"minecraft:oak_leaves":5},"minecraft:custom":{"minecraft:mob_kills":27,"minecraft:interact_with_crafting_table":14,"minecraft:open_barrel":15,"minecraft:leave_game":8,"minecraft:time_since_death":89194,"minecraft:climb_one_cm":6903,"minecraft:sprint_one_cm":309058,"minecraft:walk_one_cm":368542,"minecraft:damage_blocked_by_shield":286,"minecraft:drop":30,"minecraft:talked_to_villager":2,"minecraft:deaths":13,"minecraft:sneak_time":16015,"minecraft:walk_under_water_one_cm":9056,"minecraft:boat_one_cm":41368,"minecraft:jump":1894,"minecraft:walk_on_water_one_cm":22698,"minecraft:play_one_minute":141263,"minecraft:sleep_in_bed":2,"minecraft:time_since_rest":17829,"minecraft:damage_taken":2776,"minecraft:damage_dealt":6430,"minecraft:swim_one_cm":4898,"minecraft:fly_one_cm":520207,"minecraft:open_chest":72,"minecraft:crouch_one_cm":55346,"minecraft:fall_one_cm":103888},"minecraft:crafted":{"minecraft:oak_planks":60,"minecraft:stone_shovel":2,"minecraft:furnace":1,"extraweapons:stonemultitool":2,"minecraft:stone_pickaxe":2,"minecraft:chest":2,"minecraft:stone_hoe":2,"minecraft:wheat":99,"minecraft:crafting_table":2,"minecraft:wooden_pickaxe":1,"minecraft:stone_axe":2,"minecraft:bread":33,"minecraft:oak_boat":1,"minecraft:stick":36,"minecraft:wooden_axe":1,"minecraft:stone_sword":2,"minecraft:acacia_planks":24,"minecraft:torch":64},"minecraft:killed":{"minecraft:cave_spider":3,"illagers_plus:furantur":1,"alexsmobs:raccoon":1,"minecraft:spider":6,"minecraft:skeleton":1,"illagers_plus:miner":1,"minecraft:pig":1,"minecraft:sheep":1,"minecraft:zombie":11,"minecraft:enderman":1}},"DataVersion":2586}